"","Date","JobSector","NumJobs","AvgAptRent","Avg1bdAptRent","Avg2bdAptRent","AvgPriceHome","AvgPriceCondo","TotalJobs","URateSJ","URateSJMetro","Rates"
"1",2015-12-01,"Construction",22886,2791,2469,3073,825000,465000,403194,4.2,3.9,3.96
"2",2015-12-01,"Education",82406,2791,2469,3073,825000,465000,403194,4.2,3.9,3.96
"3",2015-12-01,"Finance",16574,2791,2469,3073,825000,465000,403194,4.2,3.9,3.96
"4",2015-12-01,"Information",11972,2791,2469,3073,825000,465000,403194,4.2,3.9,3.96
"5",2015-12-01,"Hospitality",41518,2791,2469,3073,825000,465000,403194,4.2,3.9,3.96
"6",2015-12-01,"Manufacturing",55574,2791,2469,3073,825000,465000,403194,4.2,3.9,3.96
"7",2015-12-01,"Mining",448,2791,2469,3073,825000,465000,403194,4.2,3.9,3.96
"8",2015-12-01,"Other",11181,2791,2469,3073,825000,465000,403194,4.2,3.9,3.96
"9",2015-12-01,"Business",72339,2791,2469,3073,825000,465000,403194,4.2,3.9,3.96
"10",2015-12-01,"Public",16374,2791,2469,3073,825000,465000,403194,4.2,3.9,3.96
"11",2015-12-01,"Trade",69999,2791,2469,3073,825000,465000,403194,4.2,3.9,3.96
"12",2015-12-01,"Unclassified",1923,2791,2469,3073,825000,465000,403194,4.2,3.9,3.96
"13",2015-11-01,"Construction",23107,2786,2449,3062,840000,560000,403907,4.4,4.1,3.94
"14",2015-11-01,"Education",82894,2786,2449,3062,840000,560000,403907,4.4,4.1,3.94
"15",2015-11-01,"Finance",16470,2786,2449,3062,840000,560000,403907,4.4,4.1,3.94
"16",2015-11-01,"Information",11932,2786,2449,3062,840000,560000,403907,4.4,4.1,3.94
"17",2015-11-01,"Hospitality",41727,2786,2449,3062,840000,560000,403907,4.4,4.1,3.94
"18",2015-11-01,"Manufacturing",55463,2786,2449,3062,840000,560000,403907,4.4,4.1,3.94
"19",2015-11-01,"Mining",618,2786,2449,3062,840000,560000,403907,4.4,4.1,3.94
"20",2015-11-01,"Other",11255,2786,2449,3062,840000,560000,403907,4.4,4.1,3.94
"21",2015-11-01,"Business",72558,2786,2449,3062,840000,560000,403907,4.4,4.1,3.94
"22",2015-11-01,"Public",16497,2786,2449,3062,840000,560000,403907,4.4,4.1,3.94
"23",2015-11-01,"Trade",69479,2786,2449,3062,840000,560000,403907,4.4,4.1,3.94
"24",2015-11-01,"Unclassified",1907,2786,2449,3062,840000,560000,403907,4.4,4.1,3.94
"25",2015-10-01,"Construction",23804,2806,2455,3081,850000,560000,403600,4.5,4.1,3.8
"26",2015-10-01,"Education",83000,2806,2455,3081,850000,560000,403600,4.5,4.1,3.8
"27",2015-10-01,"Finance",16500,2806,2455,3081,850000,560000,403600,4.5,4.1,3.8
"28",2015-10-01,"Information",11872,2806,2455,3081,850000,560000,403600,4.5,4.1,3.8
"29",2015-10-01,"Hospitality",41911,2806,2455,3081,850000,560000,403600,4.5,4.1,3.8
"30",2015-10-01,"Manufacturing",55849,2806,2455,3081,850000,560000,403600,4.5,4.1,3.8
"31",2015-10-01,"Mining",644,2806,2455,3081,850000,560000,403600,4.5,4.1,3.8
"32",2015-10-01,"Other",11285,2806,2455,3081,850000,560000,403600,4.5,4.1,3.8
"33",2015-10-01,"Business",72501,2806,2455,3081,850000,560000,403600,4.5,4.1,3.8
"34",2015-10-01,"Public",16756,2806,2455,3081,850000,560000,403600,4.5,4.1,3.8
"35",2015-10-01,"Trade",67680,2806,2455,3081,850000,560000,403600,4.5,4.1,3.8
"36",2015-10-01,"Unclassified",1798,2806,2455,3081,850000,560000,403600,4.5,4.1,3.8
"37",2015-09-01,"Construction",23211,2836,2475,3101,850000,455000,398811,4.3,3.9,3.89
"38",2015-09-01,"Education",81226,2836,2475,3101,850000,455000,398811,4.3,3.9,3.89
"39",2015-09-01,"Finance",16425,2836,2475,3101,850000,455000,398811,4.3,3.9,3.89
"40",2015-09-01,"Information",11800,2836,2475,3101,850000,455000,398811,4.3,3.9,3.89
"41",2015-09-01,"Hospitality",41212,2836,2475,3101,850000,455000,398811,4.3,3.9,3.89
"42",2015-09-01,"Manufacturing",55260,2836,2475,3101,850000,455000,398811,4.3,3.9,3.89
"43",2015-09-01,"Mining",668,2836,2475,3101,850000,455000,398811,4.3,3.9,3.89
"44",2015-09-01,"Other",11238,2836,2475,3101,850000,455000,398811,4.3,3.9,3.89
"45",2015-09-01,"Business",72079,2836,2475,3101,850000,455000,398811,4.3,3.9,3.89
"46",2015-09-01,"Public",16322,2836,2475,3101,850000,455000,398811,4.3,3.9,3.89
"47",2015-09-01,"Trade",67386,2836,2475,3101,850000,455000,398811,4.3,3.9,3.89
"48",2015-09-01,"Unclassified",1984,2836,2475,3101,850000,455000,398811,4.3,3.9,3.89
"49",2015-08-01,"Construction",23325,2830,2485,3066,850000,482500,395518,4.6,4.2,3.91
"50",2015-08-01,"Education",76947,2830,2485,3066,850000,482500,395518,4.6,4.2,3.91
"51",2015-08-01,"Finance",16546,2830,2485,3066,850000,482500,395518,4.6,4.2,3.91
"52",2015-08-01,"Information",11911,2830,2485,3066,850000,482500,395518,4.6,4.2,3.91
"53",2015-08-01,"Hospitality",41012,2830,2485,3066,850000,482500,395518,4.6,4.2,3.91
"54",2015-08-01,"Manufacturing",55520,2830,2485,3066,850000,482500,395518,4.6,4.2,3.91
"55",2015-08-01,"Mining",652,2830,2485,3066,850000,482500,395518,4.6,4.2,3.91
"56",2015-08-01,"Other",11419,2830,2485,3066,850000,482500,395518,4.6,4.2,3.91
"57",2015-08-01,"Business",72699,2830,2485,3066,850000,482500,395518,4.6,4.2,3.91
"58",2015-08-01,"Public",16244,2830,2485,3066,850000,482500,395518,4.6,4.2,3.91
"59",2015-08-01,"Trade",67355,2830,2485,3066,850000,482500,395518,4.6,4.2,3.91
"60",2015-08-01,"Unclassified",1888,2830,2485,3066,850000,482500,395518,4.6,4.2,3.91
"61",2015-07-01,"Construction",22855,2826,2479,3058,860000,545000,391556,4.9,4.5,4.05
"62",2015-07-01,"Education",73706,2826,2479,3058,860000,545000,391556,4.9,4.5,4.05
"63",2015-07-01,"Finance",16548,2826,2479,3058,860000,545000,391556,4.9,4.5,4.05
"64",2015-07-01,"Information",11818,2826,2479,3058,860000,545000,391556,4.9,4.5,4.05
"65",2015-07-01,"Hospitality",41113,2826,2479,3058,860000,545000,391556,4.9,4.5,4.05
"66",2015-07-01,"Manufacturing",55734,2826,2479,3058,860000,545000,391556,4.9,4.5,4.05
"67",2015-07-01,"Mining",670,2826,2479,3058,860000,545000,391556,4.9,4.5,4.05
"68",2015-07-01,"Other",11402,2826,2479,3058,860000,545000,391556,4.9,4.5,4.05
"69",2015-07-01,"Business",72602,2826,2479,3058,860000,545000,391556,4.9,4.5,4.05
"70",2015-07-01,"Public",16203,2826,2479,3058,860000,545000,391556,4.9,4.5,4.05
"71",2015-07-01,"Trade",67094,2826,2479,3058,860000,545000,391556,4.9,4.5,4.05
"72",2015-07-01,"Unclassified",1811,2826,2479,3058,860000,545000,391556,4.9,4.5,4.05
"73",2015-06-01,"Construction",22310,2807,2418,3003,865000,550000,397831,4.6,4.2,3.98
"74",2015-06-01,"Education",81262,2807,2418,3003,865000,550000,397831,4.6,4.2,3.98
"75",2015-06-01,"Finance",16366,2807,2418,3003,865000,550000,397831,4.6,4.2,3.98
"76",2015-06-01,"Information",11686,2807,2418,3003,865000,550000,397831,4.6,4.2,3.98
"77",2015-06-01,"Hospitality",41367,2807,2418,3003,865000,550000,397831,4.6,4.2,3.98
"78",2015-06-01,"Manufacturing",56490,2807,2418,3003,865000,550000,397831,4.6,4.2,3.98
"79",2015-06-01,"Mining",682,2807,2418,3003,865000,550000,397831,4.6,4.2,3.98
"80",2015-06-01,"Other",11269,2807,2418,3003,865000,550000,397831,4.6,4.2,3.98
"81",2015-06-01,"Business",71752,2807,2418,3003,865000,550000,397831,4.6,4.2,3.98
"82",2015-06-01,"Public",16354,2807,2418,3003,865000,550000,397831,4.6,4.2,3.98
"83",2015-06-01,"Trade",66747,2807,2418,3003,865000,550000,397831,4.6,4.2,3.98
"84",2015-06-01,"Unclassified",1546,2807,2418,3003,865000,550000,397831,4.6,4.2,3.98
"85",2015-05-01,"Construction",22045,2712,2379,2910,851000,530500,398208,4.5,4.2,3.84
"86",2015-05-01,"Education",82752,2712,2379,2910,851000,530500,398208,4.5,4.2,3.84
"87",2015-05-01,"Finance",16207,2712,2379,2910,851000,530500,398208,4.5,4.2,3.84
"88",2015-05-01,"Information",11507,2712,2379,2910,851000,530500,398208,4.5,4.2,3.84
"89",2015-05-01,"Hospitality",41906,2712,2379,2910,851000,530500,398208,4.5,4.2,3.84
"90",2015-05-01,"Manufacturing",55815,2712,2379,2910,851000,530500,398208,4.5,4.2,3.84
"91",2015-05-01,"Mining",664,2712,2379,2910,851000,530500,398208,4.5,4.2,3.84
"92",2015-05-01,"Other",11341,2712,2379,2910,851000,530500,398208,4.5,4.2,3.84
"93",2015-05-01,"Business",71562,2712,2379,2910,851000,530500,398208,4.5,4.2,3.84
"94",2015-05-01,"Public",16431,2712,2379,2910,851000,530500,398208,4.5,4.2,3.84
"95",2015-05-01,"Trade",66406,2712,2379,2910,851000,530500,398208,4.5,4.2,3.84
"96",2015-05-01,"Unclassified",1572,2712,2379,2910,851000,530500,398208,4.5,4.2,3.84
"97",2015-04-01,"Construction",21708,2656,2330,2873,845000,505000,395966,4.5,4.1,3.67
"98",2015-04-01,"Education",82449,2656,2330,2873,845000,505000,395966,4.5,4.1,3.67
"99",2015-04-01,"Finance",15988,2656,2330,2873,845000,505000,395966,4.5,4.1,3.67
"100",2015-04-01,"Information",11452,2656,2330,2873,845000,505000,395966,4.5,4.1,3.67
"101",2015-04-01,"Hospitality",41209,2656,2330,2873,845000,505000,395966,4.5,4.1,3.67
"102",2015-04-01,"Manufacturing",55539,2656,2330,2873,845000,505000,395966,4.5,4.1,3.67
"103",2015-04-01,"Mining",593,2656,2330,2873,845000,505000,395966,4.5,4.1,3.67
"104",2015-04-01,"Other",11126,2656,2330,2873,845000,505000,395966,4.5,4.1,3.67
"105",2015-04-01,"Business",71761,2656,2330,2873,845000,505000,395966,4.5,4.1,3.67
"106",2015-04-01,"Public",16277,2656,2330,2873,845000,505000,395966,4.5,4.1,3.67
"107",2015-04-01,"Trade",66384,2656,2330,2873,845000,505000,395966,4.5,4.1,3.67
"108",2015-04-01,"Unclassified",1480,2656,2330,2873,845000,505000,395966,4.5,4.1,3.67
"109",2015-03-01,"Construction",21385,2628,2306,2880,801000,490000,395102,4.9,4.5,3.77
"110",2015-03-01,"Education",82168,2628,2306,2880,801000,490000,395102,4.9,4.5,3.77
"111",2015-03-01,"Finance",16071,2628,2306,2880,801000,490000,395102,4.9,4.5,3.77
"112",2015-03-01,"Information",11314,2628,2306,2880,801000,490000,395102,4.9,4.5,3.77
"113",2015-03-01,"Hospitality",40636,2628,2306,2880,801000,490000,395102,4.9,4.5,3.77
"114",2015-03-01,"Manufacturing",56180,2628,2306,2880,801000,490000,395102,4.9,4.5,3.77
"115",2015-03-01,"Mining",502,2628,2306,2880,801000,490000,395102,4.9,4.5,3.77
"116",2015-03-01,"Other",10903,2628,2306,2880,801000,490000,395102,4.9,4.5,3.77
"117",2015-03-01,"Business",71312,2628,2306,2880,801000,490000,395102,4.9,4.5,3.77
"118",2015-03-01,"Public",16453,2628,2306,2880,801000,490000,395102,4.9,4.5,3.77
"119",2015-03-01,"Trade",66799,2628,2306,2880,801000,490000,395102,4.9,4.5,3.77
"120",2015-03-01,"Unclassified",1379,2628,2306,2880,801000,490000,395102,4.9,4.5,3.77
"121",2015-02-01,"Construction",20957,2510,2195,2784,772500,468000,392613,5,4.6,3.71
"122",2015-02-01,"Education",81664,2510,2195,2784,772500,468000,392613,5,4.6,3.71
"123",2015-02-01,"Finance",16161,2510,2195,2784,772500,468000,392613,5,4.6,3.71
"124",2015-02-01,"Information",11291,2510,2195,2784,772500,468000,392613,5,4.6,3.71
"125",2015-02-01,"Hospitality",40414,2510,2195,2784,772500,468000,392613,5,4.6,3.71
"126",2015-02-01,"Manufacturing",56095,2510,2195,2784,772500,468000,392613,5,4.6,3.71
"127",2015-02-01,"Mining",428,2510,2195,2784,772500,468000,392613,5,4.6,3.71
"128",2015-02-01,"Other",10762,2510,2195,2784,772500,468000,392613,5,4.6,3.71
"129",2015-02-01,"Business",70018,2510,2195,2784,772500,468000,392613,5,4.6,3.71
"130",2015-02-01,"Public",16392,2510,2195,2784,772500,468000,392613,5,4.6,3.71
"131",2015-02-01,"Trade",67014,2510,2195,2784,772500,468000,392613,5,4.6,3.71
"132",2015-02-01,"Unclassified",1417,2510,2195,2784,772500,468000,392613,5,4.6,3.71
"133",2015-01-01,"Construction",20664,2525,2188,2778,725000,482360,390038,5.3,4.9,3.67
"134",2015-01-01,"Education",81021,2525,2188,2778,725000,482360,390038,5.3,4.9,3.67
"135",2015-01-01,"Finance",16146,2525,2188,2778,725000,482360,390038,5.3,4.9,3.67
"136",2015-01-01,"Information",11216,2525,2188,2778,725000,482360,390038,5.3,4.9,3.67
"137",2015-01-01,"Hospitality",38889,2525,2188,2778,725000,482360,390038,5.3,4.9,3.67
"138",2015-01-01,"Manufacturing",55937,2525,2188,2778,725000,482360,390038,5.3,4.9,3.67
"139",2015-01-01,"Mining",446,2525,2188,2778,725000,482360,390038,5.3,4.9,3.67
"140",2015-01-01,"Other",10671,2525,2188,2778,725000,482360,390038,5.3,4.9,3.67
"141",2015-01-01,"Business",69433,2525,2188,2778,725000,482360,390038,5.3,4.9,3.67
"142",2015-01-01,"Public",16380,2525,2188,2778,725000,482360,390038,5.3,4.9,3.67
"143",2015-01-01,"Trade",67898,2525,2188,2778,725000,482360,390038,5.3,4.9,3.67
"144",2015-01-01,"Unclassified",1337,2525,2188,2778,725000,482360,390038,5.3,4.9,3.67
"145",2014-12-01,"Construction",20402,2517,2159,2738,760003,465000,392823,4.8,4.4,3.86
"146",2014-12-01,"Education",81278,2517,2159,2738,760003,465000,392823,4.8,4.4,3.86
"147",2014-12-01,"Finance",16342,2517,2159,2738,760003,465000,392823,4.8,4.4,3.86
"148",2014-12-01,"Information",10812,2517,2159,2738,760003,465000,392823,4.8,4.4,3.86
"149",2014-12-01,"Hospitality",39702,2517,2159,2738,760003,465000,392823,4.8,4.4,3.86
"150",2014-12-01,"Manufacturing",55987,2517,2159,2738,760003,465000,392823,4.8,4.4,3.86
"151",2014-12-01,"Mining",451,2517,2159,2738,760003,465000,392823,4.8,4.4,3.86
"152",2014-12-01,"Other",10501,2517,2159,2738,760003,465000,392823,4.8,4.4,3.86
"153",2014-12-01,"Business",69948,2517,2159,2738,760003,465000,392823,4.8,4.4,3.86
"154",2014-12-01,"Public",16545,2517,2159,2738,760003,465000,392823,4.8,4.4,3.86
"155",2014-12-01,"Trade",68977,2517,2159,2738,760003,465000,392823,4.8,4.4,3.86
"156",2014-12-01,"Unclassified",1878,2517,2159,2738,760003,465000,392823,4.8,4.4,3.86
"157",2014-11-01,"Construction",20559,2515,2146,2726,770000,470000,391753,5.3,4.9,4
"158",2014-11-01,"Education",81487,2515,2146,2726,770000,470000,391753,5.3,4.9,4
"159",2014-11-01,"Finance",16281,2515,2146,2726,770000,470000,391753,5.3,4.9,4
"160",2014-11-01,"Information",10750,2515,2146,2726,770000,470000,391753,5.3,4.9,4
"161",2014-11-01,"Hospitality",39642,2515,2146,2726,770000,470000,391753,5.3,4.9,4
"162",2014-11-01,"Manufacturing",56121,2515,2146,2726,770000,470000,391753,5.3,4.9,4
"163",2014-11-01,"Mining",609,2515,2146,2726,770000,470000,391753,5.3,4.9,4
"164",2014-11-01,"Other",10586,2515,2146,2726,770000,470000,391753,5.3,4.9,4
"165",2014-11-01,"Business",69415,2515,2146,2726,770000,470000,391753,5.3,4.9,4
"166",2014-11-01,"Public",16564,2515,2146,2726,770000,470000,391753,5.3,4.9,4
"167",2014-11-01,"Trade",68044,2515,2146,2726,770000,470000,391753,5.3,4.9,4
"168",2014-11-01,"Unclassified",1695,2515,2146,2726,770000,470000,391753,5.3,4.9,4
"169",2014-10-01,"Construction",20586,2513,2156,2735,782000,480000,389626,5.4,4.9,4.04
"170",2014-10-01,"Education",81455,2513,2156,2735,782000,480000,389626,5.4,4.9,4.04
"171",2014-10-01,"Finance",16215,2513,2156,2735,782000,480000,389626,5.4,4.9,4.04
"172",2014-10-01,"Information",10674,2513,2156,2735,782000,480000,389626,5.4,4.9,4.04
"173",2014-10-01,"Hospitality",39666,2513,2156,2735,782000,480000,389626,5.4,4.9,4.04
"174",2014-10-01,"Manufacturing",56118,2513,2156,2735,782000,480000,389626,5.4,4.9,4.04
"175",2014-10-01,"Mining",579,2513,2156,2735,782000,480000,389626,5.4,4.9,4.04
"176",2014-10-01,"Other",10621,2513,2156,2735,782000,480000,389626,5.4,4.9,4.04
"177",2014-10-01,"Business",69337,2513,2156,2735,782000,480000,389626,5.4,4.9,4.04
"178",2014-10-01,"Public",16683,2513,2156,2735,782000,480000,389626,5.4,4.9,4.04
"179",2014-10-01,"Trade",66080,2513,2156,2735,782000,480000,389626,5.4,4.9,4.04
"180",2014-10-01,"Unclassified",1612,2513,2156,2735,782000,480000,389626,5.4,4.9,4.04
"181",2014-09-01,"Construction",20806,2511,2157,2730,746250,451500,386526,5.4,4.9,4.16
"182",2014-09-01,"Education",79861,2511,2157,2730,746250,451500,386526,5.4,4.9,4.16
"183",2014-09-01,"Finance",16057,2511,2157,2730,746250,451500,386526,5.4,4.9,4.16
"184",2014-09-01,"Information",10733,2511,2157,2730,746250,451500,386526,5.4,4.9,4.16
"185",2014-09-01,"Hospitality",39611,2511,2157,2730,746250,451500,386526,5.4,4.9,4.16
"186",2014-09-01,"Manufacturing",57022,2511,2157,2730,746250,451500,386526,5.4,4.9,4.16
"187",2014-09-01,"Mining",568,2511,2157,2730,746250,451500,386526,5.4,4.9,4.16
"188",2014-09-01,"Other",10586,2511,2157,2730,746250,451500,386526,5.4,4.9,4.16
"189",2014-09-01,"Business",68325,2511,2157,2730,746250,451500,386526,5.4,4.9,4.16
"190",2014-09-01,"Public",16510,2511,2157,2730,746250,451500,386526,5.4,4.9,4.16
"191",2014-09-01,"Trade",65577,2511,2157,2730,746250,451500,386526,5.4,4.9,4.16
"192",2014-09-01,"Unclassified",870,2511,2157,2730,746250,451500,386526,5.4,4.9,4.16
"193",2014-08-01,"Construction",20884,2512,2146,2737,780000,478750,382283,5.9,5.4,4.12
"194",2014-08-01,"Education",74715,2512,2146,2737,780000,478750,382283,5.9,5.4,4.12
"195",2014-08-01,"Finance",16074,2512,2146,2737,780000,478750,382283,5.9,5.4,4.12
"196",2014-08-01,"Information",10856,2512,2146,2737,780000,478750,382283,5.9,5.4,4.12
"197",2014-08-01,"Hospitality",39531,2512,2146,2737,780000,478750,382283,5.9,5.4,4.12
"198",2014-08-01,"Manufacturing",57672,2512,2146,2737,780000,478750,382283,5.9,5.4,4.12
"199",2014-08-01,"Mining",594,2512,2146,2737,780000,478750,382283,5.9,5.4,4.12
"200",2014-08-01,"Other",10671,2512,2146,2737,780000,478750,382283,5.9,5.4,4.12
"201",2014-08-01,"Business",68173,2512,2146,2737,780000,478750,382283,5.9,5.4,4.12
"202",2014-08-01,"Public",16376,2512,2146,2737,780000,478750,382283,5.9,5.4,4.12
"203",2014-08-01,"Trade",65876,2512,2146,2737,780000,478750,382283,5.9,5.4,4.12
"204",2014-08-01,"Unclassified",861,2512,2146,2737,780000,478750,382283,5.9,5.4,4.12
"205",2014-07-01,"Construction",20636,2503,2139,2726,750000,466000,378012,6.2,5.6,4.13
"206",2014-07-01,"Education",71174,2503,2139,2726,750000,466000,378012,6.2,5.6,4.13
"207",2014-07-01,"Finance",16099,2503,2139,2726,750000,466000,378012,6.2,5.6,4.13
"208",2014-07-01,"Information",10804,2503,2139,2726,750000,466000,378012,6.2,5.6,4.13
"209",2014-07-01,"Hospitality",39848,2503,2139,2726,750000,466000,378012,6.2,5.6,4.13
"210",2014-07-01,"Manufacturing",57679,2503,2139,2726,750000,466000,378012,6.2,5.6,4.13
"211",2014-07-01,"Mining",602,2503,2139,2726,750000,466000,378012,6.2,5.6,4.13
"212",2014-07-01,"Other",10576,2503,2139,2726,750000,466000,378012,6.2,5.6,4.13
"213",2014-07-01,"Business",67776,2503,2139,2726,750000,466000,378012,6.2,5.6,4.13
"214",2014-07-01,"Public",16221,2503,2139,2726,750000,466000,378012,6.2,5.6,4.13
"215",2014-07-01,"Trade",65844,2503,2139,2726,750000,466000,378012,6.2,5.6,4.13
"216",2014-07-01,"Unclassified",753,2503,2139,2726,750000,466000,378012,6.2,5.6,4.13
"217",2014-06-01,"Construction",20224,2449,2102,2686,795400,457000,384626,5.7,5.2,4.16
"218",2014-06-01,"Education",79546,2449,2102,2686,795400,457000,384626,5.7,5.2,4.16
"219",2014-06-01,"Finance",16484,2449,2102,2686,795400,457000,384626,5.7,5.2,4.16
"220",2014-06-01,"Information",10702,2449,2102,2686,795400,457000,384626,5.7,5.2,4.16
"221",2014-06-01,"Hospitality",39719,2449,2102,2686,795400,457000,384626,5.7,5.2,4.16
"222",2014-06-01,"Manufacturing",55662,2449,2102,2686,795400,457000,384626,5.7,5.2,4.16
"223",2014-06-01,"Mining",610,2449,2102,2686,795400,457000,384626,5.7,5.2,4.16
"224",2014-06-01,"Other",10684,2449,2102,2686,795400,457000,384626,5.7,5.2,4.16
"225",2014-06-01,"Business",67642,2449,2102,2686,795400,457000,384626,5.7,5.2,4.16
"226",2014-06-01,"Public",16528,2449,2102,2686,795400,457000,384626,5.7,5.2,4.16
"227",2014-06-01,"Trade",66138,2449,2102,2686,795400,457000,384626,5.7,5.2,4.16
"228",2014-06-01,"Unclassified",687,2449,2102,2686,795400,457000,384626,5.7,5.2,4.16
"229",2014-05-01,"Construction",19665,2379,2047,2601,782000,471500,383870,5.6,5.1,4.19
"230",2014-05-01,"Education",81141,2379,2047,2601,782000,471500,383870,5.6,5.1,4.19
"231",2014-05-01,"Finance",16174,2379,2047,2601,782000,471500,383870,5.6,5.1,4.19
"232",2014-05-01,"Information",10517,2379,2047,2601,782000,471500,383870,5.6,5.1,4.19
"233",2014-05-01,"Hospitality",40137,2379,2047,2601,782000,471500,383870,5.6,5.1,4.19
"234",2014-05-01,"Manufacturing",55230,2379,2047,2601,782000,471500,383870,5.6,5.1,4.19
"235",2014-05-01,"Mining",600,2379,2047,2601,782000,471500,383870,5.6,5.1,4.19
"236",2014-05-01,"Other",10554,2379,2047,2601,782000,471500,383870,5.6,5.1,4.19
"237",2014-05-01,"Business",67024,2379,2047,2601,782000,471500,383870,5.6,5.1,4.19
"238",2014-05-01,"Public",16574,2379,2047,2601,782000,471500,383870,5.6,5.1,4.19
"239",2014-05-01,"Trade",65605,2379,2047,2601,782000,471500,383870,5.6,5.1,4.19
"240",2014-05-01,"Unclassified",649,2379,2047,2601,782000,471500,383870,5.6,5.1,4.19
"241",2014-04-01,"Construction",19510,2352,2044,2548,776500,465000,382252,5.5,5,4.34
"242",2014-04-01,"Education",80956,2352,2044,2548,776500,465000,382252,5.5,5,4.34
"243",2014-04-01,"Finance",15961,2352,2044,2548,776500,465000,382252,5.5,5,4.34
"244",2014-04-01,"Information",10599,2352,2044,2548,776500,465000,382252,5.5,5,4.34
"245",2014-04-01,"Hospitality",39137,2352,2044,2548,776500,465000,382252,5.5,5,4.34
"246",2014-04-01,"Manufacturing",55173,2352,2044,2548,776500,465000,382252,5.5,5,4.34
"247",2014-04-01,"Mining",522,2352,2044,2548,776500,465000,382252,5.5,5,4.34
"248",2014-04-01,"Other",10521,2352,2044,2548,776500,465000,382252,5.5,5,4.34
"249",2014-04-01,"Business",67427,2352,2044,2548,776500,465000,382252,5.5,5,4.34
"250",2014-04-01,"Public",16324,2352,2044,2548,776500,465000,382252,5.5,5,4.34
"251",2014-04-01,"Trade",65569,2352,2044,2548,776500,465000,382252,5.5,5,4.34
"252",2014-04-01,"Unclassified",553,2352,2044,2548,776500,465000,382252,5.5,5,4.34
"253",2014-03-01,"Construction",19249,2296,1997,2499,755000,460000,380451,6.4,5.9,4.34
"254",2014-03-01,"Education",80410,2296,1997,2499,755000,460000,380451,6.4,5.9,4.34
"255",2014-03-01,"Finance",15859,2296,1997,2499,755000,460000,380451,6.4,5.9,4.34
"256",2014-03-01,"Information",10598,2296,1997,2499,755000,460000,380451,6.4,5.9,4.34
"257",2014-03-01,"Hospitality",38658,2296,1997,2499,755000,460000,380451,6.4,5.9,4.34
"258",2014-03-01,"Manufacturing",55062,2296,1997,2499,755000,460000,380451,6.4,5.9,4.34
"259",2014-03-01,"Mining",547,2296,1997,2499,755000,460000,380451,6.4,5.9,4.34
"260",2014-03-01,"Other",10128,2296,1997,2499,755000,460000,380451,6.4,5.9,4.34
"261",2014-03-01,"Business",67359,2296,1997,2499,755000,460000,380451,6.4,5.9,4.34
"262",2014-03-01,"Public",16167,2296,1997,2499,755000,460000,380451,6.4,5.9,4.34
"263",2014-03-01,"Trade",65254,2296,1997,2499,755000,460000,380451,6.4,5.9,4.34
"264",2014-03-01,"Unclassified",1160,2296,1997,2499,755000,460000,380451,6.4,5.9,4.34
"265",2014-02-01,"Construction",19165,2311,1970,2493,7e+05,425000,379850,6.4,5.9,4.3
"266",2014-02-01,"Education",80145,2311,1970,2493,7e+05,425000,379850,6.4,5.9,4.3
"267",2014-02-01,"Finance",15766,2311,1970,2493,7e+05,425000,379850,6.4,5.9,4.3
"268",2014-02-01,"Information",10582,2311,1970,2493,7e+05,425000,379850,6.4,5.9,4.3
"269",2014-02-01,"Hospitality",38539,2311,1970,2493,7e+05,425000,379850,6.4,5.9,4.3
"270",2014-02-01,"Manufacturing",55139,2311,1970,2493,7e+05,425000,379850,6.4,5.9,4.3
"271",2014-02-01,"Mining",515,2311,1970,2493,7e+05,425000,379850,6.4,5.9,4.3
"272",2014-02-01,"Other",10074,2311,1970,2493,7e+05,425000,379850,6.4,5.9,4.3
"273",2014-02-01,"Business",67440,2311,1970,2493,7e+05,425000,379850,6.4,5.9,4.3
"274",2014-02-01,"Public",16123,2311,1970,2493,7e+05,425000,379850,6.4,5.9,4.3
"275",2014-02-01,"Trade",65221,2311,1970,2493,7e+05,425000,379850,6.4,5.9,4.3
"276",2014-02-01,"Unclassified",1141,2311,1970,2493,7e+05,425000,379850,6.4,5.9,4.3
"277",2014-01-01,"Construction",18846,2289,1962,2450,660000,420000,376212,6.4,5.9,4.43
"278",2014-01-01,"Education",78973,2289,1962,2450,660000,420000,376212,6.4,5.9,4.43
"279",2014-01-01,"Finance",15741,2289,1962,2450,660000,420000,376212,6.4,5.9,4.43
"280",2014-01-01,"Information",10522,2289,1962,2450,660000,420000,376212,6.4,5.9,4.43
"281",2014-01-01,"Hospitality",37327,2289,1962,2450,660000,420000,376212,6.4,5.9,4.43
"282",2014-01-01,"Manufacturing",54988,2289,1962,2450,660000,420000,376212,6.4,5.9,4.43
"283",2014-01-01,"Mining",472,2289,1962,2450,660000,420000,376212,6.4,5.9,4.43
"284",2014-01-01,"Other",9930,2289,1962,2450,660000,420000,376212,6.4,5.9,4.43
"285",2014-01-01,"Business",66531,2289,1962,2450,660000,420000,376212,6.4,5.9,4.43
"286",2014-01-01,"Public",16216,2289,1962,2450,660000,420000,376212,6.4,5.9,4.43
"287",2014-01-01,"Trade",65572,2289,1962,2450,660000,420000,376212,6.4,5.9,4.43
"288",2014-01-01,"Unclassified",1094,2289,1962,2450,660000,420000,376212,6.4,5.9,4.43
"289",2013-12-01,"Construction",20709,2254,1910,2422,685000,410500,384234,6.1,5.6,4.46
"290",2013-12-01,"Education",79928,2254,1910,2422,685000,410500,384234,6.1,5.6,4.46
"291",2013-12-01,"Finance",15992,2254,1910,2422,685000,410500,384234,6.1,5.6,4.46
"292",2013-12-01,"Information",10666,2254,1910,2422,685000,410500,384234,6.1,5.6,4.46
"293",2013-12-01,"Hospitality",38728,2254,1910,2422,685000,410500,384234,6.1,5.6,4.46
"294",2013-12-01,"Manufacturing",54401,2254,1910,2422,685000,410500,384234,6.1,5.6,4.46
"295",2013-12-01,"Mining",385,2254,1910,2422,685000,410500,384234,6.1,5.6,4.46
"296",2013-12-01,"Other",10091,2254,1910,2422,685000,410500,384234,6.1,5.6,4.46
"297",2013-12-01,"Business",67010,2254,1910,2422,685000,410500,384234,6.1,5.6,4.46
"298",2013-12-01,"Public",16660,2254,1910,2422,685000,410500,384234,6.1,5.6,4.46
"299",2013-12-01,"Trade",68426,2254,1910,2422,685000,410500,384234,6.1,5.6,4.46
"300",2013-12-01,"Unclassified",1238,2254,1910,2422,685000,410500,384234,6.1,5.6,4.46
"301",2013-11-01,"Construction",20333,2179,1843,2341,720000,410000,383491,6.6,6,4.26
"302",2013-11-01,"Education",80190,2179,1843,2341,720000,410000,383491,6.6,6,4.26
"303",2013-11-01,"Finance",16153,2179,1843,2341,720000,410000,383491,6.6,6,4.26
"304",2013-11-01,"Information",10622,2179,1843,2341,720000,410000,383491,6.6,6,4.26
"305",2013-11-01,"Hospitality",38686,2179,1843,2341,720000,410000,383491,6.6,6,4.26
"306",2013-11-01,"Manufacturing",54625,2179,1843,2341,720000,410000,383491,6.6,6,4.26
"307",2013-11-01,"Mining",504,2179,1843,2341,720000,410000,383491,6.6,6,4.26
"308",2013-11-01,"Other",10160,2179,1843,2341,720000,410000,383491,6.6,6,4.26
"309",2013-11-01,"Business",66593,2179,1843,2341,720000,410000,383491,6.6,6,4.26
"310",2013-11-01,"Public",16734,2179,1843,2341,720000,410000,383491,6.6,6,4.26
"311",2013-11-01,"Trade",67669,2179,1843,2341,720000,410000,383491,6.6,6,4.26
"312",2013-11-01,"Unclassified",1222,2179,1843,2341,720000,410000,383491,6.6,6,4.26
"313",2013-10-01,"Construction",20233,2193,1870,2355,689500,459500,379614,6.9,6.3,4.19
"314",2013-10-01,"Education",79694,2193,1870,2355,689500,459500,379614,6.9,6.3,4.19
"315",2013-10-01,"Finance",16129,2193,1870,2355,689500,459500,379614,6.9,6.3,4.19
"316",2013-10-01,"Information",10567,2193,1870,2355,689500,459500,379614,6.9,6.3,4.19
"317",2013-10-01,"Hospitality",38104,2193,1870,2355,689500,459500,379614,6.9,6.3,4.19
"318",2013-10-01,"Manufacturing",54637,2193,1870,2355,689500,459500,379614,6.9,6.3,4.19
"319",2013-10-01,"Mining",499,2193,1870,2355,689500,459500,379614,6.9,6.3,4.19
"320",2013-10-01,"Other",10205,2193,1870,2355,689500,459500,379614,6.9,6.3,4.19
"321",2013-10-01,"Business",65771,2193,1870,2355,689500,459500,379614,6.9,6.3,4.19
"322",2013-10-01,"Public",16682,2193,1870,2355,689500,459500,379614,6.9,6.3,4.19
"323",2013-10-01,"Trade",65938,2193,1870,2355,689500,459500,379614,6.9,6.3,4.19
"324",2013-10-01,"Unclassified",1155,2193,1870,2355,689500,459500,379614,6.9,6.3,4.19
"325",2013-09-01,"Construction",20305,2189,1844,2351,695000,431000,377819,6.9,6.3,4.49
"326",2013-09-01,"Education",77907,2189,1844,2351,695000,431000,377819,6.9,6.3,4.49
"327",2013-09-01,"Finance",15854,2189,1844,2351,695000,431000,377819,6.9,6.3,4.49
"328",2013-09-01,"Information",10685,2189,1844,2351,695000,431000,377819,6.9,6.3,4.49
"329",2013-09-01,"Hospitality",38129,2189,1844,2351,695000,431000,377819,6.9,6.3,4.49
"330",2013-09-01,"Manufacturing",54266,2189,1844,2351,695000,431000,377819,6.9,6.3,4.49
"331",2013-09-01,"Mining",549,2189,1844,2351,695000,431000,377819,6.9,6.3,4.49
"332",2013-09-01,"Other",10257,2189,1844,2351,695000,431000,377819,6.9,6.3,4.49
"333",2013-09-01,"Business",67437,2189,1844,2351,695000,431000,377819,6.9,6.3,4.49
"334",2013-09-01,"Public",16513,2189,1844,2351,695000,431000,377819,6.9,6.3,4.49
"335",2013-09-01,"Trade",65307,2189,1844,2351,695000,431000,377819,6.9,6.3,4.49
"336",2013-09-01,"Unclassified",610,2189,1844,2351,695000,431000,377819,6.9,6.3,4.49
"337",2013-08-01,"Construction",20518,2213,1902,2421,710000,445000,371702,7.2,6.6,4.46
"338",2013-08-01,"Education",71497,2213,1902,2421,710000,445000,371702,7.2,6.6,4.46
"339",2013-08-01,"Finance",16037,2213,1902,2421,710000,445000,371702,7.2,6.6,4.46
"340",2013-08-01,"Information",10797,2213,1902,2421,710000,445000,371702,7.2,6.6,4.46
"341",2013-08-01,"Hospitality",37453,2213,1902,2421,710000,445000,371702,7.2,6.6,4.46
"342",2013-08-01,"Manufacturing",54348,2213,1902,2421,710000,445000,371702,7.2,6.6,4.46
"343",2013-08-01,"Mining",561,2213,1902,2421,710000,445000,371702,7.2,6.6,4.46
"344",2013-08-01,"Other",10233,2213,1902,2421,710000,445000,371702,7.2,6.6,4.46
"345",2013-08-01,"Business",67769,2213,1902,2421,710000,445000,371702,7.2,6.6,4.46
"346",2013-08-01,"Public",16311,2213,1902,2421,710000,445000,371702,7.2,6.6,4.46
"347",2013-08-01,"Trade",65506,2213,1902,2421,710000,445000,371702,7.2,6.6,4.46
"348",2013-08-01,"Unclassified",672,2213,1902,2421,710000,445000,371702,7.2,6.6,4.46
"349",2013-07-01,"Construction",20129,2242,1923,2476,725000,434000,368379,7.6,6.9,4.37
"350",2013-07-01,"Education",68954,2242,1923,2476,725000,434000,368379,7.6,6.9,4.37
"351",2013-07-01,"Finance",16040,2242,1923,2476,725000,434000,368379,7.6,6.9,4.37
"352",2013-07-01,"Information",10802,2242,1923,2476,725000,434000,368379,7.6,6.9,4.37
"353",2013-07-01,"Hospitality",38384,2242,1923,2476,725000,434000,368379,7.6,6.9,4.37
"354",2013-07-01,"Manufacturing",54355,2242,1923,2476,725000,434000,368379,7.6,6.9,4.37
"355",2013-07-01,"Mining",583,2242,1923,2476,725000,434000,368379,7.6,6.9,4.37
"356",2013-07-01,"Other",10177,2242,1923,2476,725000,434000,368379,7.6,6.9,4.37
"357",2013-07-01,"Business",66706,2242,1923,2476,725000,434000,368379,7.6,6.9,4.37
"358",2013-07-01,"Public",16320,2242,1923,2476,725000,434000,368379,7.6,6.9,4.37
"359",2013-07-01,"Trade",65254,2242,1923,2476,725000,434000,368379,7.6,6.9,4.37
"360",2013-07-01,"Unclassified",675,2242,1923,2476,725000,434000,368379,7.6,6.9,4.37
"361",2013-06-01,"Construction",19449,2252,1900,2508,732500,434000,373498,7.5,6.8,4.07
"362",2013-06-01,"Education",76932,2252,1900,2508,732500,434000,373498,7.5,6.8,4.07
"363",2013-06-01,"Finance",16100,2252,1900,2508,732500,434000,373498,7.5,6.8,4.07
"364",2013-06-01,"Information",10874,2252,1900,2508,732500,434000,373498,7.5,6.8,4.07
"365",2013-06-01,"Hospitality",38627,2252,1900,2508,732500,434000,373498,7.5,6.8,4.07
"366",2013-06-01,"Manufacturing",53365,2252,1900,2508,732500,434000,373498,7.5,6.8,4.07
"367",2013-06-01,"Mining",447,2252,1900,2508,732500,434000,373498,7.5,6.8,4.07
"368",2013-06-01,"Other",10108,2252,1900,2508,732500,434000,373498,7.5,6.8,4.07
"369",2013-06-01,"Business",65462,2252,1900,2508,732500,434000,373498,7.5,6.8,4.07
"370",2013-06-01,"Public",16322,2252,1900,2508,732500,434000,373498,7.5,6.8,4.07
"371",2013-06-01,"Trade",64933,2252,1900,2508,732500,434000,373498,7.5,6.8,4.07
"372",2013-06-01,"Unclassified",879,2252,1900,2508,732500,434000,373498,7.5,6.8,4.07
"373",2013-05-01,"Construction",19026,2173,1865,2420,739500,435500,373714,7,6.4,3.54
"374",2013-05-01,"Education",78226,2173,1865,2420,739500,435500,373714,7,6.4,3.54
"375",2013-05-01,"Finance",16158,2173,1865,2420,739500,435500,373714,7,6.4,3.54
"376",2013-05-01,"Information",10814,2173,1865,2420,739500,435500,373714,7,6.4,3.54
"377",2013-05-01,"Hospitality",38959,2173,1865,2420,739500,435500,373714,7,6.4,3.54
"378",2013-05-01,"Manufacturing",53044,2173,1865,2420,739500,435500,373714,7,6.4,3.54
"379",2013-05-01,"Mining",452,2173,1865,2420,739500,435500,373714,7,6.4,3.54
"380",2013-05-01,"Other",10115,2173,1865,2420,739500,435500,373714,7,6.4,3.54
"381",2013-05-01,"Business",65130,2173,1865,2420,739500,435500,373714,7,6.4,3.54
"382",2013-05-01,"Public",16576,2173,1865,2420,739500,435500,373714,7,6.4,3.54
"383",2013-05-01,"Trade",64262,2173,1865,2420,739500,435500,373714,7,6.4,3.54
"384",2013-05-01,"Unclassified",952,2173,1865,2420,739500,435500,373714,7,6.4,3.54
"385",2013-04-01,"Construction",18936,2167,1847,2378,705000,414000,371305,7,6.4,3.45
"386",2013-04-01,"Education",78022,2167,1847,2378,705000,414000,371305,7,6.4,3.45
"387",2013-04-01,"Finance",15908,2167,1847,2378,705000,414000,371305,7,6.4,3.45
"388",2013-04-01,"Information",10831,2167,1847,2378,705000,414000,371305,7,6.4,3.45
"389",2013-04-01,"Hospitality",37999,2167,1847,2378,705000,414000,371305,7,6.4,3.45
"390",2013-04-01,"Manufacturing",53029,2167,1847,2378,705000,414000,371305,7,6.4,3.45
"391",2013-04-01,"Mining",443,2167,1847,2378,705000,414000,371305,7,6.4,3.45
"392",2013-04-01,"Other",9940,2167,1847,2378,705000,414000,371305,7,6.4,3.45
"393",2013-04-01,"Business",64927,2167,1847,2378,705000,414000,371305,7,6.4,3.45
"394",2013-04-01,"Public",16352,2167,1847,2378,705000,414000,371305,7,6.4,3.45
"395",2013-04-01,"Trade",63970,2167,1847,2378,705000,414000,371305,7,6.4,3.45
"396",2013-04-01,"Unclassified",948,2167,1847,2378,705000,414000,371305,7,6.4,3.45
"397",2013-03-01,"Construction",18642,2130,1796,2338,655000,386500,367632,7.6,7,3.57
"398",2013-03-01,"Education",76785,2130,1796,2338,655000,386500,367632,7.6,7,3.57
"399",2013-03-01,"Finance",15808,2130,1796,2338,655000,386500,367632,7.6,7,3.57
"400",2013-03-01,"Information",10827,2130,1796,2338,655000,386500,367632,7.6,7,3.57
"401",2013-03-01,"Hospitality",36714,2130,1796,2338,655000,386500,367632,7.6,7,3.57
"402",2013-03-01,"Manufacturing",52607,2130,1796,2338,655000,386500,367632,7.6,7,3.57
"403",2013-03-01,"Mining",403,2130,1796,2338,655000,386500,367632,7.6,7,3.57
"404",2013-03-01,"Other",9864,2130,1796,2338,655000,386500,367632,7.6,7,3.57
"405",2013-03-01,"Business",64882,2130,1796,2338,655000,386500,367632,7.6,7,3.57
"406",2013-03-01,"Public",16301,2130,1796,2338,655000,386500,367632,7.6,7,3.57
"407",2013-03-01,"Trade",63988,2130,1796,2338,655000,386500,367632,7.6,7,3.57
"408",2013-03-01,"Unclassified",811,2130,1796,2338,655000,386500,367632,7.6,7,3.57
"409",2013-02-01,"Construction",18473,2078,1742,2244,625000,370000,366757,7.8,7.2,3.53
"410",2013-02-01,"Education",76537,2078,1742,2244,625000,370000,366757,7.8,7.2,3.53
"411",2013-02-01,"Finance",15690,2078,1742,2244,625000,370000,366757,7.8,7.2,3.53
"412",2013-02-01,"Information",10801,2078,1742,2244,625000,370000,366757,7.8,7.2,3.53
"413",2013-02-01,"Hospitality",36898,2078,1742,2244,625000,370000,366757,7.8,7.2,3.53
"414",2013-02-01,"Manufacturing",52490,2078,1742,2244,625000,370000,366757,7.8,7.2,3.53
"415",2013-02-01,"Mining",420,2078,1742,2244,625000,370000,366757,7.8,7.2,3.53
"416",2013-02-01,"Other",9763,2078,1742,2244,625000,370000,366757,7.8,7.2,3.53
"417",2013-02-01,"Business",64237,2078,1742,2244,625000,370000,366757,7.8,7.2,3.53
"418",2013-02-01,"Public",16270,2078,1742,2244,625000,370000,366757,7.8,7.2,3.53
"419",2013-02-01,"Trade",64312,2078,1742,2244,625000,370000,366757,7.8,7.2,3.53
"420",2013-02-01,"Unclassified",866,2078,1742,2244,625000,370000,366757,7.8,7.2,3.53
"421",2013-01-01,"Construction",18317,2052,1745,2192,613500,369500,364389,8.3,7.6,3.41
"422",2013-01-01,"Education",76051,2052,1745,2192,613500,369500,364389,8.3,7.6,3.41
"423",2013-01-01,"Finance",15588,2052,1745,2192,613500,369500,364389,8.3,7.6,3.41
"424",2013-01-01,"Information",10747,2052,1745,2192,613500,369500,364389,8.3,7.6,3.41
"425",2013-01-01,"Hospitality",36014,2052,1745,2192,613500,369500,364389,8.3,7.6,3.41
"426",2013-01-01,"Manufacturing",52504,2052,1745,2192,613500,369500,364389,8.3,7.6,3.41
"427",2013-01-01,"Mining",432,2052,1745,2192,613500,369500,364389,8.3,7.6,3.41
"428",2013-01-01,"Other",9627,2052,1745,2192,613500,369500,364389,8.3,7.6,3.41
"429",2013-01-01,"Business",63460,2052,1745,2192,613500,369500,364389,8.3,7.6,3.41
"430",2013-01-01,"Public",16258,2052,1745,2192,613500,369500,364389,8.3,7.6,3.41
"431",2013-01-01,"Trade",64533,2052,1745,2192,613500,369500,364389,8.3,7.6,3.41
"432",2013-01-01,"Unclassified",858,2052,1745,2192,613500,369500,364389,8.3,7.6,3.41
"433",2012-12-01,"Construction",18728,2006,1723,2126,584500,352000,371132,7.8,7.1,3.35
"434",2012-12-01,"Education",67516,2006,1723,2126,584500,352000,371132,7.8,7.1,3.35
"435",2012-12-01,"Finance",16496,2006,1723,2126,584500,352000,371132,7.8,7.1,3.35
"436",2012-12-01,"Information",8309,2006,1723,2126,584500,352000,371132,7.8,7.1,3.35
"437",2012-12-01,"Hospitality",35936,2006,1723,2126,584500,352000,371132,7.8,7.1,3.35
"438",2012-12-01,"Manufacturing",54416,2006,1723,2126,584500,352000,371132,7.8,7.1,3.35
"439",2012-12-01,"Mining",408,2006,1723,2126,584500,352000,371132,7.8,7.1,3.35
"440",2012-12-01,"Other",18616,2006,1723,2126,584500,352000,371132,7.8,7.1,3.35
"441",2012-12-01,"Business",65811,2006,1723,2126,584500,352000,371132,7.8,7.1,3.35
"442",2012-12-01,"Public",16455,2006,1723,2126,584500,352000,371132,7.8,7.1,3.35
"443",2012-12-01,"Trade",67330,2006,1723,2126,584500,352000,371132,7.8,7.1,3.35
"444",2012-12-01,"Unclassified",1111,2006,1723,2126,584500,352000,371132,7.8,7.1,3.35
"445",2012-11-01,"Construction",18774,2020,1753,2142,582625,340250,368744,8,7.3,3.35
"446",2012-11-01,"Education",67577,2020,1753,2142,582625,340250,368744,8,7.3,3.35
"447",2012-11-01,"Finance",16657,2020,1753,2142,582625,340250,368744,8,7.3,3.35
"448",2012-11-01,"Information",8139,2020,1753,2142,582625,340250,368744,8,7.3,3.35
"449",2012-11-01,"Hospitality",35888,2020,1753,2142,582625,340250,368744,8,7.3,3.35
"450",2012-11-01,"Manufacturing",54272,2020,1753,2142,582625,340250,368744,8,7.3,3.35
"451",2012-11-01,"Mining",400,2020,1753,2142,582625,340250,368744,8,7.3,3.35
"452",2012-11-01,"Other",18583,2020,1753,2142,582625,340250,368744,8,7.3,3.35
"453",2012-11-01,"Business",64845,2020,1753,2142,582625,340250,368744,8,7.3,3.35
"454",2012-11-01,"Public",16639,2020,1753,2142,582625,340250,368744,8,7.3,3.35
"455",2012-11-01,"Trade",65824,2020,1753,2142,582625,340250,368744,8,7.3,3.35
"456",2012-11-01,"Unclassified",1146,2020,1753,2142,582625,340250,368744,8,7.3,3.35
"457",2012-10-01,"Construction",18752,2055,1792,2177,599000,325000,366182,8.2,7.5,3.38
"458",2012-10-01,"Education",66896,2055,1792,2177,599000,325000,366182,8.2,7.5,3.38
"459",2012-10-01,"Finance",16551,2055,1792,2177,599000,325000,366182,8.2,7.5,3.38
"460",2012-10-01,"Information",8096,2055,1792,2177,599000,325000,366182,8.2,7.5,3.38
"461",2012-10-01,"Hospitality",36286,2055,1792,2177,599000,325000,366182,8.2,7.5,3.38
"462",2012-10-01,"Manufacturing",54293,2055,1792,2177,599000,325000,366182,8.2,7.5,3.38
"463",2012-10-01,"Mining",489,2055,1792,2177,599000,325000,366182,8.2,7.5,3.38
"464",2012-10-01,"Other",18644,2055,1792,2177,599000,325000,366182,8.2,7.5,3.38
"465",2012-10-01,"Business",64389,2055,1792,2177,599000,325000,366182,8.2,7.5,3.38
"466",2012-10-01,"Public",16478,2055,1792,2177,599000,325000,366182,8.2,7.5,3.38
"467",2012-10-01,"Trade",64127,2055,1792,2177,599000,325000,366182,8.2,7.5,3.38
"468",2012-10-01,"Unclassified",1181,2055,1792,2177,599000,325000,366182,8.2,7.5,3.38
"469",2012-09-01,"Construction",18722,2086,1797,2212,570000,325000,361053,8.2,7.4,3.5
"470",2012-09-01,"Education",64848,2086,1797,2212,570000,325000,361053,8.2,7.4,3.5
"471",2012-09-01,"Finance",16378,2086,1797,2212,570000,325000,361053,8.2,7.4,3.5
"472",2012-09-01,"Information",7836,2086,1797,2212,570000,325000,361053,8.2,7.4,3.5
"473",2012-09-01,"Hospitality",36280,2086,1797,2212,570000,325000,361053,8.2,7.4,3.5
"474",2012-09-01,"Manufacturing",53585,2086,1797,2212,570000,325000,361053,8.2,7.4,3.5
"475",2012-09-01,"Mining",511,2086,1797,2212,570000,325000,361053,8.2,7.4,3.5
"476",2012-09-01,"Other",18574,2086,1797,2212,570000,325000,361053,8.2,7.4,3.5
"477",2012-09-01,"Business",62801,2086,1797,2212,570000,325000,361053,8.2,7.4,3.5
"478",2012-09-01,"Public",16343,2086,1797,2212,570000,325000,361053,8.2,7.4,3.5
"479",2012-09-01,"Trade",64034,2086,1797,2212,570000,325000,361053,8.2,7.4,3.5
"480",2012-09-01,"Unclassified",1141,2086,1797,2212,570000,325000,361053,8.2,7.4,3.5
"481",2012-08-01,"Construction",18963,2132,1832,2285,577500,335500,355344,8.9,8.1,3.6
"482",2012-08-01,"Education",59115,2132,1832,2285,577500,335500,355344,8.9,8.1,3.6
"483",2012-08-01,"Finance",16385,2132,1832,2285,577500,335500,355344,8.9,8.1,3.6
"484",2012-08-01,"Information",7832,2132,1832,2285,577500,335500,355344,8.9,8.1,3.6
"485",2012-08-01,"Hospitality",35709,2132,1832,2285,577500,335500,355344,8.9,8.1,3.6
"486",2012-08-01,"Manufacturing",53954,2132,1832,2285,577500,335500,355344,8.9,8.1,3.6
"487",2012-08-01,"Mining",460,2132,1832,2285,577500,335500,355344,8.9,8.1,3.6
"488",2012-08-01,"Other",18525,2132,1832,2285,577500,335500,355344,8.9,8.1,3.6
"489",2012-08-01,"Business",62904,2132,1832,2285,577500,335500,355344,8.9,8.1,3.6
"490",2012-08-01,"Public",16399,2132,1832,2285,577500,335500,355344,8.9,8.1,3.6
"491",2012-08-01,"Trade",63929,2132,1832,2285,577500,335500,355344,8.9,8.1,3.6
"492",2012-08-01,"Unclassified",1169,2132,1832,2285,577500,335500,355344,8.9,8.1,3.6
"493",2012-07-01,"Construction",18799,2184,1864,2340,575888,310000,352500,9.3,8.5,3.55
"494",2012-07-01,"Education",56197,2184,1864,2340,575888,310000,352500,9.3,8.5,3.55
"495",2012-07-01,"Finance",16511,2184,1864,2340,575888,310000,352500,9.3,8.5,3.55
"496",2012-07-01,"Information",7894,2184,1864,2340,575888,310000,352500,9.3,8.5,3.55
"497",2012-07-01,"Hospitality",36285,2184,1864,2340,575888,310000,352500,9.3,8.5,3.55
"498",2012-07-01,"Manufacturing",53894,2184,1864,2340,575888,310000,352500,9.3,8.5,3.55
"499",2012-07-01,"Mining",462,2184,1864,2340,575888,310000,352500,9.3,8.5,3.55
"500",2012-07-01,"Other",18570,2184,1864,2340,575888,310000,352500,9.3,8.5,3.55
"501",2012-07-01,"Business",62733,2184,1864,2340,575888,310000,352500,9.3,8.5,3.55
"502",2012-07-01,"Public",16297,2184,1864,2340,575888,310000,352500,9.3,8.5,3.55
"503",2012-07-01,"Trade",63669,2184,1864,2340,575888,310000,352500,9.3,8.5,3.55
"504",2012-07-01,"Unclassified",1189,2184,1864,2340,575888,310000,352500,9.3,8.5,3.55
"505",2012-06-01,"Construction",18800,2101,1813,2211,588444,3e+05,358868,9.1,8.3,3.68
"506",2012-06-01,"Education",65402,2101,1813,2211,588444,3e+05,358868,9.1,8.3,3.68
"507",2012-06-01,"Finance",16557,2101,1813,2211,588444,3e+05,358868,9.1,8.3,3.68
"508",2012-06-01,"Information",7624,2101,1813,2211,588444,3e+05,358868,9.1,8.3,3.68
"509",2012-06-01,"Hospitality",35663,2101,1813,2211,588444,3e+05,358868,9.1,8.3,3.68
"510",2012-06-01,"Manufacturing",53716,2101,1813,2211,588444,3e+05,358868,9.1,8.3,3.68
"511",2012-06-01,"Mining",440,2101,1813,2211,588444,3e+05,358868,9.1,8.3,3.68
"512",2012-06-01,"Other",17535,2101,1813,2211,588444,3e+05,358868,9.1,8.3,3.68
"513",2012-06-01,"Business",61747,2101,1813,2211,588444,3e+05,358868,9.1,8.3,3.68
"514",2012-06-01,"Public",16388,2101,1813,2211,588444,3e+05,358868,9.1,8.3,3.68
"515",2012-06-01,"Trade",63554,2101,1813,2211,588444,3e+05,358868,9.1,8.3,3.68
"516",2012-06-01,"Unclassified",1442,2101,1813,2211,588444,3e+05,358868,9.1,8.3,3.68
"517",2012-05-01,"Construction",18495,2074,1799,2224,545000,289500,358446,8.7,8,3.8
"518",2012-05-01,"Education",66962,2074,1799,2224,545000,289500,358446,8.7,8,3.8
"519",2012-05-01,"Finance",16250,2074,1799,2224,545000,289500,358446,8.7,8,3.8
"520",2012-05-01,"Information",7587,2074,1799,2224,545000,289500,358446,8.7,8,3.8
"521",2012-05-01,"Hospitality",35694,2074,1799,2224,545000,289500,358446,8.7,8,3.8
"522",2012-05-01,"Manufacturing",53245,2074,1799,2224,545000,289500,358446,8.7,8,3.8
"523",2012-05-01,"Mining",385,2074,1799,2224,545000,289500,358446,8.7,8,3.8
"524",2012-05-01,"Other",17497,2074,1799,2224,545000,289500,358446,8.7,8,3.8
"525",2012-05-01,"Business",61565,2074,1799,2224,545000,289500,358446,8.7,8,3.8
"526",2012-05-01,"Public",16452,2074,1799,2224,545000,289500,358446,8.7,8,3.8
"527",2012-05-01,"Trade",62834,2074,1799,2224,545000,289500,358446,8.7,8,3.8
"528",2012-05-01,"Unclassified",1480,2074,1799,2224,545000,289500,358446,8.7,8,3.8
"529",2012-04-01,"Construction",17681,2029,1758,2181,535000,280000,356321,8.7,8,3.91
"530",2012-04-01,"Education",66736,2029,1758,2181,535000,280000,356321,8.7,8,3.91
"531",2012-04-01,"Finance",16112,2029,1758,2181,535000,280000,356321,8.7,8,3.91
"532",2012-04-01,"Information",7554,2029,1758,2181,535000,280000,356321,8.7,8,3.91
"533",2012-04-01,"Hospitality",35215,2029,1758,2181,535000,280000,356321,8.7,8,3.91
"534",2012-04-01,"Manufacturing",53098,2029,1758,2181,535000,280000,356321,8.7,8,3.91
"535",2012-04-01,"Mining",390,2029,1758,2181,535000,280000,356321,8.7,8,3.91
"536",2012-04-01,"Other",17375,2029,1758,2181,535000,280000,356321,8.7,8,3.91
"537",2012-04-01,"Business",61791,2029,1758,2181,535000,280000,356321,8.7,8,3.91
"538",2012-04-01,"Public",16307,2029,1758,2181,535000,280000,356321,8.7,8,3.91
"539",2012-04-01,"Trade",62641,2029,1758,2181,535000,280000,356321,8.7,8,3.91
"540",2012-04-01,"Unclassified",1421,2029,1758,2181,535000,280000,356321,8.7,8,3.91
"541",2012-03-01,"Construction",17511,2036,1814,2121,495000,270000,352724,9.3,8.6,3.95
"542",2012-03-01,"Education",66724,2036,1814,2121,495000,270000,352724,9.3,8.6,3.95
"543",2012-03-01,"Finance",16125,2036,1814,2121,495000,270000,352724,9.3,8.6,3.95
"544",2012-03-01,"Information",7561,2036,1814,2121,495000,270000,352724,9.3,8.6,3.95
"545",2012-03-01,"Hospitality",34853,2036,1814,2121,495000,270000,352724,9.3,8.6,3.95
"546",2012-03-01,"Manufacturing",53176,2036,1814,2121,495000,270000,352724,9.3,8.6,3.95
"547",2012-03-01,"Mining",378,2036,1814,2121,495000,270000,352724,9.3,8.6,3.95
"548",2012-03-01,"Other",14764,2036,1814,2121,495000,270000,352724,9.3,8.6,3.95
"549",2012-03-01,"Business",61858,2036,1814,2121,495000,270000,352724,9.3,8.6,3.95
"550",2012-03-01,"Public",16003,2036,1814,2121,495000,270000,352724,9.3,8.6,3.95
"551",2012-03-01,"Trade",62223,2036,1814,2121,495000,270000,352724,9.3,8.6,3.95
"552",2012-03-01,"Unclassified",1548,2036,1814,2121,495000,270000,352724,9.3,8.6,3.95
"553",2012-02-01,"Construction",17413,2022,1735,2146,450000,248000,351535,9.5,8.7,3.89
"554",2012-02-01,"Education",66654,2022,1735,2146,450000,248000,351535,9.5,8.7,3.89
"555",2012-02-01,"Finance",15932,2022,1735,2146,450000,248000,351535,9.5,8.7,3.89
"556",2012-02-01,"Information",7544,2022,1735,2146,450000,248000,351535,9.5,8.7,3.89
"557",2012-02-01,"Hospitality",34569,2022,1735,2146,450000,248000,351535,9.5,8.7,3.89
"558",2012-02-01,"Manufacturing",53152,2022,1735,2146,450000,248000,351535,9.5,8.7,3.89
"559",2012-02-01,"Mining",423,2022,1735,2146,450000,248000,351535,9.5,8.7,3.89
"560",2012-02-01,"Other",14953,2022,1735,2146,450000,248000,351535,9.5,8.7,3.89
"561",2012-02-01,"Business",61326,2022,1735,2146,450000,248000,351535,9.5,8.7,3.89
"562",2012-02-01,"Public",15912,2022,1735,2146,450000,248000,351535,9.5,8.7,3.89
"563",2012-02-01,"Trade",62193,2022,1735,2146,450000,248000,351535,9.5,8.7,3.89
"564",2012-02-01,"Unclassified",1464,2022,1735,2146,450000,248000,351535,9.5,8.7,3.89
"565",2012-01-01,"Construction",17278,1989,1688,2142,437500,249000,348775,9.6,8.8,3.92
"566",2012-01-01,"Education",65363,1989,1688,2142,437500,249000,348775,9.6,8.8,3.92
"567",2012-01-01,"Finance",15971,1989,1688,2142,437500,249000,348775,9.6,8.8,3.92
"568",2012-01-01,"Information",7474,1989,1688,2142,437500,249000,348775,9.6,8.8,3.92
"569",2012-01-01,"Hospitality",34036,1989,1688,2142,437500,249000,348775,9.6,8.8,3.92
"570",2012-01-01,"Manufacturing",53109,1989,1688,2142,437500,249000,348775,9.6,8.8,3.92
"571",2012-01-01,"Mining",445,1989,1688,2142,437500,249000,348775,9.6,8.8,3.92
"572",2012-01-01,"Other",14695,1989,1688,2142,437500,249000,348775,9.6,8.8,3.92
"573",2012-01-01,"Business",60459,1989,1688,2142,437500,249000,348775,9.6,8.8,3.92
"574",2012-01-01,"Public",15969,1989,1688,2142,437500,249000,348775,9.6,8.8,3.92
"575",2012-01-01,"Trade",62595,1989,1688,2142,437500,249000,348775,9.6,8.8,3.92
"576",2012-01-01,"Unclassified",1381,1989,1688,2142,437500,249000,348775,9.6,8.8,3.92
"577",2011-12-01,"Construction",17478,1902,1630,2055,474500,247900,353265,9.4,8.6,3.96
"578",2011-12-01,"Education",65454,1902,1630,2055,474500,247900,353265,9.4,8.6,3.96
"579",2011-12-01,"Finance",15750,1902,1630,2055,474500,247900,353265,9.4,8.6,3.96
"580",2011-12-01,"Information",7602,1902,1630,2055,474500,247900,353265,9.4,8.6,3.96
"581",2011-12-01,"Hospitality",34215,1902,1630,2055,474500,247900,353265,9.4,8.6,3.96
"582",2011-12-01,"Manufacturing",54620,1902,1630,2055,474500,247900,353265,9.4,8.6,3.96
"583",2011-12-01,"Mining",515,1902,1630,2055,474500,247900,353265,9.4,8.6,3.96
"584",2011-12-01,"Other",14741,1902,1630,2055,474500,247900,353265,9.4,8.6,3.96
"585",2011-12-01,"Business",61471,1902,1630,2055,474500,247900,353265,9.4,8.6,3.96
"586",2011-12-01,"Public",16041,1902,1630,2055,474500,247900,353265,9.4,8.6,3.96
"587",2011-12-01,"Trade",63872,1902,1630,2055,474500,247900,353265,9.4,8.6,3.96
"588",2011-12-01,"Unclassified",1506,1902,1630,2055,474500,247900,353265,9.4,8.6,3.96
"589",2011-11-01,"Construction",17584,1905,1655,2053,478500,243319,352889,9.7,8.9,3.99
"590",2011-11-01,"Education",65626,1905,1655,2053,478500,243319,352889,9.7,8.9,3.99
"591",2011-11-01,"Finance",15760,1905,1655,2053,478500,243319,352889,9.7,8.9,3.99
"592",2011-11-01,"Information",7579,1905,1655,2053,478500,243319,352889,9.7,8.9,3.99
"593",2011-11-01,"Hospitality",34230,1905,1655,2053,478500,243319,352889,9.7,8.9,3.99
"594",2011-11-01,"Manufacturing",54492,1905,1655,2053,478500,243319,352889,9.7,8.9,3.99
"595",2011-11-01,"Mining",527,1905,1655,2053,478500,243319,352889,9.7,8.9,3.99
"596",2011-11-01,"Other",15457,1905,1655,2053,478500,243319,352889,9.7,8.9,3.99
"597",2011-11-01,"Business",61042,1905,1655,2053,478500,243319,352889,9.7,8.9,3.99
"598",2011-11-01,"Public",16150,1905,1655,2053,478500,243319,352889,9.7,8.9,3.99
"599",2011-11-01,"Trade",62970,1905,1655,2053,478500,243319,352889,9.7,8.9,3.99
"600",2011-11-01,"Unclassified",1472,1905,1655,2053,478500,243319,352889,9.7,8.9,3.99
"601",2011-10-01,"Construction",17695,1940,1671,2079,485000,260000,350845,10,9.1,4.07
"602",2011-10-01,"Education",65240,1940,1671,2079,485000,260000,350845,10,9.1,4.07
"603",2011-10-01,"Finance",15533,1940,1671,2079,485000,260000,350845,10,9.1,4.07
"604",2011-10-01,"Information",7606,1940,1671,2079,485000,260000,350845,10,9.1,4.07
"605",2011-10-01,"Hospitality",34542,1940,1671,2079,485000,260000,350845,10,9.1,4.07
"606",2011-10-01,"Manufacturing",54610,1940,1671,2079,485000,260000,350845,10,9.1,4.07
"607",2011-10-01,"Mining",556,1940,1671,2079,485000,260000,350845,10,9.1,4.07
"608",2011-10-01,"Other",14905,1940,1671,2079,485000,260000,350845,10,9.1,4.07
"609",2011-10-01,"Business",61016,1940,1671,2079,485000,260000,350845,10,9.1,4.07
"610",2011-10-01,"Public",16193,1940,1671,2079,485000,260000,350845,10,9.1,4.07
"611",2011-10-01,"Trade",61479,1940,1671,2079,485000,260000,350845,10,9.1,4.07
"612",2011-10-01,"Unclassified",1470,1940,1671,2079,485000,260000,350845,10,9.1,4.07
"613",2011-09-01,"Construction",17941,1959,1646,2116,481500,262500,348844,10.2,9.3,4.11
"614",2011-09-01,"Education",62829,1959,1646,2116,481500,262500,348844,10.2,9.3,4.11
"615",2011-09-01,"Finance",15403,1959,1646,2116,481500,262500,348844,10.2,9.3,4.11
"616",2011-09-01,"Information",8247,1959,1646,2116,481500,262500,348844,10.2,9.3,4.11
"617",2011-09-01,"Hospitality",34227,1959,1646,2116,481500,262500,348844,10.2,9.3,4.11
"618",2011-09-01,"Manufacturing",55204,1959,1646,2116,481500,262500,348844,10.2,9.3,4.11
"619",2011-09-01,"Mining",520,1959,1646,2116,481500,262500,348844,10.2,9.3,4.11
"620",2011-09-01,"Other",15110,1959,1646,2116,481500,262500,348844,10.2,9.3,4.11
"621",2011-09-01,"Business",60915,1959,1646,2116,481500,262500,348844,10.2,9.3,4.11
"622",2011-09-01,"Public",16225,1959,1646,2116,481500,262500,348844,10.2,9.3,4.11
"623",2011-09-01,"Trade",61140,1959,1646,2116,481500,262500,348844,10.2,9.3,4.11
"624",2011-09-01,"Unclassified",1083,1959,1646,2116,481500,262500,348844,10.2,9.3,4.11
"625",2011-08-01,"Construction",17754,1825,1534,1987,5e+05,255000,344896,10.4,9.5,4.27
"626",2011-08-01,"Education",56486,1825,1534,1987,5e+05,255000,344896,10.4,9.5,4.27
"627",2011-08-01,"Finance",15449,1825,1534,1987,5e+05,255000,344896,10.4,9.5,4.27
"628",2011-08-01,"Information",8430,1825,1534,1987,5e+05,255000,344896,10.4,9.5,4.27
"629",2011-08-01,"Hospitality",34369,1825,1534,1987,5e+05,255000,344896,10.4,9.5,4.27
"630",2011-08-01,"Manufacturing",56701,1825,1534,1987,5e+05,255000,344896,10.4,9.5,4.27
"631",2011-08-01,"Mining",450,1825,1534,1987,5e+05,255000,344896,10.4,9.5,4.27
"632",2011-08-01,"Other",15400,1825,1534,1987,5e+05,255000,344896,10.4,9.5,4.27
"633",2011-08-01,"Business",61388,1825,1534,1987,5e+05,255000,344896,10.4,9.5,4.27
"634",2011-08-01,"Public",16249,1825,1534,1987,5e+05,255000,344896,10.4,9.5,4.27
"635",2011-08-01,"Trade",61118,1825,1534,1987,5e+05,255000,344896,10.4,9.5,4.27
"636",2011-08-01,"Unclassified",1102,1825,1534,1987,5e+05,255000,344896,10.4,9.5,4.27
"637",2011-07-01,"Construction",17667,1633,1351,1851,525000,243000,343046,10.7,9.8,4.55
"638",2011-07-01,"Education",55148,1633,1351,1851,525000,243000,343046,10.7,9.8,4.55
"639",2011-07-01,"Finance",15471,1633,1351,1851,525000,243000,343046,10.7,9.8,4.55
"640",2011-07-01,"Information",8402,1633,1351,1851,525000,243000,343046,10.7,9.8,4.55
"641",2011-07-01,"Hospitality",34271,1633,1351,1851,525000,243000,343046,10.7,9.8,4.55
"642",2011-07-01,"Manufacturing",56905,1633,1351,1851,525000,243000,343046,10.7,9.8,4.55
"643",2011-07-01,"Mining",522,1633,1351,1851,525000,243000,343046,10.7,9.8,4.55
"644",2011-07-01,"Other",15265,1633,1351,1851,525000,243000,343046,10.7,9.8,4.55
"645",2011-07-01,"Business",61064,1633,1351,1851,525000,243000,343046,10.7,9.8,4.55
"646",2011-07-01,"Public",16285,1633,1351,1851,525000,243000,343046,10.7,9.8,4.55
"647",2011-07-01,"Trade",60924,1633,1351,1851,525000,243000,343046,10.7,9.8,4.55
"648",2011-07-01,"Unclassified",1122,1633,1351,1851,525000,243000,343046,10.7,9.8,4.55
"649",2011-06-01,"Construction",16982,1633,1354,1882,520000,265000,350430,10.7,9.8,4.51
"650",2011-06-01,"Education",64217,1633,1354,1882,520000,265000,350430,10.7,9.8,4.51
"651",2011-06-01,"Finance",15393,1633,1354,1882,520000,265000,350430,10.7,9.8,4.51
"652",2011-06-01,"Information",8369,1633,1354,1882,520000,265000,350430,10.7,9.8,4.51
"653",2011-06-01,"Hospitality",34007,1633,1354,1882,520000,265000,350430,10.7,9.8,4.51
"654",2011-06-01,"Manufacturing",57714,1633,1354,1882,520000,265000,350430,10.7,9.8,4.51
"655",2011-06-01,"Mining",480,1633,1354,1882,520000,265000,350430,10.7,9.8,4.51
"656",2011-06-01,"Other",14383,1633,1354,1882,520000,265000,350430,10.7,9.8,4.51
"657",2011-06-01,"Business",60538,1633,1354,1882,520000,265000,350430,10.7,9.8,4.51
"658",2011-06-01,"Public",16523,1633,1354,1882,520000,265000,350430,10.7,9.8,4.51
"659",2011-06-01,"Trade",60403,1633,1354,1882,520000,265000,350430,10.7,9.8,4.51
"660",2011-06-01,"Unclassified",1421,1633,1354,1882,520000,265000,350430,10.7,9.8,4.51
"661",2011-05-01,"Construction",16432,1679,1397,1924,5e+05,250000,350911,10.1,9.3,4.64
"662",2011-05-01,"Education",65913,1679,1397,1924,5e+05,250000,350911,10.1,9.3,4.64
"663",2011-05-01,"Finance",15242,1679,1397,1924,5e+05,250000,350911,10.1,9.3,4.64
"664",2011-05-01,"Information",8372,1679,1397,1924,5e+05,250000,350911,10.1,9.3,4.64
"665",2011-05-01,"Hospitality",34193,1679,1397,1924,5e+05,250000,350911,10.1,9.3,4.64
"666",2011-05-01,"Manufacturing",57219,1679,1397,1924,5e+05,250000,350911,10.1,9.3,4.64
"667",2011-05-01,"Mining",466,1679,1397,1924,5e+05,250000,350911,10.1,9.3,4.64
"668",2011-05-01,"Other",14876,1679,1397,1924,5e+05,250000,350911,10.1,9.3,4.64
"669",2011-05-01,"Business",60183,1679,1397,1924,5e+05,250000,350911,10.1,9.3,4.64
"670",2011-05-01,"Public",16775,1679,1397,1924,5e+05,250000,350911,10.1,9.3,4.64
"671",2011-05-01,"Trade",59826,1679,1397,1924,5e+05,250000,350911,10.1,9.3,4.64
"672",2011-05-01,"Unclassified",1414,1679,1397,1924,5e+05,250000,350911,10.1,9.3,4.64
"673",2011-04-01,"Construction",16353,1758,1513,1969,485000,240750,349521,10.3,9.4,4.84
"674",2011-04-01,"Education",65518,1758,1513,1969,485000,240750,349521,10.3,9.4,4.84
"675",2011-04-01,"Finance",15209,1758,1513,1969,485000,240750,349521,10.3,9.4,4.84
"676",2011-04-01,"Information",8395,1758,1513,1969,485000,240750,349521,10.3,9.4,4.84
"677",2011-04-01,"Hospitality",33845,1758,1513,1969,485000,240750,349521,10.3,9.4,4.84
"678",2011-04-01,"Manufacturing",57077,1758,1513,1969,485000,240750,349521,10.3,9.4,4.84
"679",2011-04-01,"Mining",453,1758,1513,1969,485000,240750,349521,10.3,9.4,4.84
"680",2011-04-01,"Other",14463,1758,1513,1969,485000,240750,349521,10.3,9.4,4.84
"681",2011-04-01,"Business",60371,1758,1513,1969,485000,240750,349521,10.3,9.4,4.84
"682",2011-04-01,"Public",16799,1758,1513,1969,485000,240750,349521,10.3,9.4,4.84
"683",2011-04-01,"Trade",59654,1758,1513,1969,485000,240750,349521,10.3,9.4,4.84
"684",2011-04-01,"Unclassified",1384,1758,1513,1969,485000,240750,349521,10.3,9.4,4.84
"685",2011-03-01,"Construction",16650,1786,1480,2038,480000,245000,349041,10.7,9.8,4.84
"686",2011-03-01,"Education",65129,1786,1480,2038,480000,245000,349041,10.7,9.8,4.84
"687",2011-03-01,"Finance",15244,1786,1480,2038,480000,245000,349041,10.7,9.8,4.84
"688",2011-03-01,"Information",8430,1786,1480,2038,480000,245000,349041,10.7,9.8,4.84
"689",2011-03-01,"Hospitality",33753,1786,1480,2038,480000,245000,349041,10.7,9.8,4.84
"690",2011-03-01,"Manufacturing",57755,1786,1480,2038,480000,245000,349041,10.7,9.8,4.84
"691",2011-03-01,"Mining",456,1786,1480,2038,480000,245000,349041,10.7,9.8,4.84
"692",2011-03-01,"Other",13781,1786,1480,2038,480000,245000,349041,10.7,9.8,4.84
"693",2011-03-01,"Business",60032,1786,1480,2038,480000,245000,349041,10.7,9.8,4.84
"694",2011-03-01,"Public",16881,1786,1480,2038,480000,245000,349041,10.7,9.8,4.84
"695",2011-03-01,"Trade",59538,1786,1480,2038,480000,245000,349041,10.7,9.8,4.84
"696",2011-03-01,"Unclassified",1392,1786,1480,2038,480000,245000,349041,10.7,9.8,4.84
"697",2011-02-01,"Construction",16357,1733,1470,1951,455000,246500,349128,10.8,10,4.95
"698",2011-02-01,"Education",65052,1733,1470,1951,455000,246500,349128,10.8,10,4.95
"699",2011-02-01,"Finance",15185,1733,1470,1951,455000,246500,349128,10.8,10,4.95
"700",2011-02-01,"Information",8430,1733,1470,1951,455000,246500,349128,10.8,10,4.95
"701",2011-02-01,"Hospitality",33461,1733,1470,1951,455000,246500,349128,10.8,10,4.95
"702",2011-02-01,"Manufacturing",57599,1733,1470,1951,455000,246500,349128,10.8,10,4.95
"703",2011-02-01,"Mining",509,1733,1470,1951,455000,246500,349128,10.8,10,4.95
"704",2011-02-01,"Other",14414,1733,1470,1951,455000,246500,349128,10.8,10,4.95
"705",2011-02-01,"Business",60103,1733,1470,1951,455000,246500,349128,10.8,10,4.95
"706",2011-02-01,"Public",16981,1733,1470,1951,455000,246500,349128,10.8,10,4.95
"707",2011-02-01,"Trade",59651,1733,1470,1951,455000,246500,349128,10.8,10,4.95
"708",2011-02-01,"Unclassified",1386,1733,1470,1951,455000,246500,349128,10.8,10,4.95
"709",2011-01-01,"Construction",16431,1742,1467,1926,461800,222500,347413,11.1,10.2,4.76
"710",2011-01-01,"Education",64238,1742,1467,1926,461800,222500,347413,11.1,10.2,4.76
"711",2011-01-01,"Finance",15058,1742,1467,1926,461800,222500,347413,11.1,10.2,4.76
"712",2011-01-01,"Information",8428,1742,1467,1926,461800,222500,347413,11.1,10.2,4.76
"713",2011-01-01,"Hospitality",32756,1742,1467,1926,461800,222500,347413,11.1,10.2,4.76
"714",2011-01-01,"Manufacturing",57684,1742,1467,1926,461800,222500,347413,11.1,10.2,4.76
"715",2011-01-01,"Mining",504,1742,1467,1926,461800,222500,347413,11.1,10.2,4.76
"716",2011-01-01,"Other",13954,1742,1467,1926,461800,222500,347413,11.1,10.2,4.76
"717",2011-01-01,"Business",59761,1742,1467,1926,461800,222500,347413,11.1,10.2,4.76
"718",2011-01-01,"Public",17195,1742,1467,1926,461800,222500,347413,11.1,10.2,4.76
"719",2011-01-01,"Trade",60159,1742,1467,1926,461800,222500,347413,11.1,10.2,4.76
"720",2011-01-01,"Unclassified",1245,1742,1467,1926,461800,222500,347413,11.1,10.2,4.76
"721",2010-12-01,"Construction",17130,1774,1457,1988,478000,265000,351215,10.7,9.8,4.71
"722",2010-12-01,"Education",64317,1774,1457,1988,478000,265000,351215,10.7,9.8,4.71
"723",2010-12-01,"Finance",15957,1774,1457,1988,478000,265000,351215,10.7,9.8,4.71
"724",2010-12-01,"Information",8359,1774,1457,1988,478000,265000,351215,10.7,9.8,4.71
"725",2010-12-01,"Hospitality",33187,1774,1457,1988,478000,265000,351215,10.7,9.8,4.71
"726",2010-12-01,"Manufacturing",57640,1774,1457,1988,478000,265000,351215,10.7,9.8,4.71
"727",2010-12-01,"Mining",493,1774,1457,1988,478000,265000,351215,10.7,9.8,4.71
"728",2010-12-01,"Other",14810,1774,1457,1988,478000,265000,351215,10.7,9.8,4.71
"729",2010-12-01,"Business",59038,1774,1457,1988,478000,265000,351215,10.7,9.8,4.71
"730",2010-12-01,"Public",17425,1774,1457,1988,478000,265000,351215,10.7,9.8,4.71
"731",2010-12-01,"Trade",61838,1774,1457,1988,478000,265000,351215,10.7,9.8,4.71
"732",2010-12-01,"Unclassified",1021,1774,1457,1988,478000,265000,351215,10.7,9.8,4.71
"733",2010-11-01,"Construction",17290,1742,1467,1957,486000,250000,350520,11.3,10.3,4.3
"734",2010-11-01,"Education",64679,1742,1467,1957,486000,250000,350520,11.3,10.3,4.3
"735",2010-11-01,"Finance",16012,1742,1467,1957,486000,250000,350520,11.3,10.3,4.3
"736",2010-11-01,"Information",8354,1742,1467,1957,486000,250000,350520,11.3,10.3,4.3
"737",2010-11-01,"Hospitality",32738,1742,1467,1957,486000,250000,350520,11.3,10.3,4.3
"738",2010-11-01,"Manufacturing",57520,1742,1467,1957,486000,250000,350520,11.3,10.3,4.3
"739",2010-11-01,"Mining",535,1742,1467,1957,486000,250000,350520,11.3,10.3,4.3
"740",2010-11-01,"Other",15413,1742,1467,1957,486000,250000,350520,11.3,10.3,4.3
"741",2010-11-01,"Business",58545,1742,1467,1957,486000,250000,350520,11.3,10.3,4.3
"742",2010-11-01,"Public",17460,1742,1467,1957,486000,250000,350520,11.3,10.3,4.3
"743",2010-11-01,"Trade",61010,1742,1467,1957,486000,250000,350520,11.3,10.3,4.3
"744",2010-11-01,"Unclassified",964,1742,1467,1957,486000,250000,350520,11.3,10.3,4.3
"745",2010-10-01,"Construction",17688,1606,1347,1716,517500,262500,347371,11.1,10.1,4.23
"746",2010-10-01,"Education",64094,1606,1347,1716,517500,262500,347371,11.1,10.1,4.23
"747",2010-10-01,"Finance",15731,1606,1347,1716,517500,262500,347371,11.1,10.1,4.23
"748",2010-10-01,"Information",8280,1606,1347,1716,517500,262500,347371,11.1,10.1,4.23
"749",2010-10-01,"Hospitality",32570,1606,1347,1716,517500,262500,347371,11.1,10.1,4.23
"750",2010-10-01,"Manufacturing",57319,1606,1347,1716,517500,262500,347371,11.1,10.1,4.23
"751",2010-10-01,"Mining",559,1606,1347,1716,517500,262500,347371,11.1,10.1,4.23
"752",2010-10-01,"Other",15029,1606,1347,1716,517500,262500,347371,11.1,10.1,4.23
"753",2010-10-01,"Business",58491,1606,1347,1716,517500,262500,347371,11.1,10.1,4.23
"754",2010-10-01,"Public",17455,1606,1347,1716,517500,262500,347371,11.1,10.1,4.23
"755",2010-10-01,"Trade",59260,1606,1347,1716,517500,262500,347371,11.1,10.1,4.23
"756",2010-10-01,"Unclassified",895,1606,1347,1716,517500,262500,347371,11.1,10.1,4.23
"757",2010-09-01,"Construction",17636,1614,1330,1708,510000,270000,343834,11.2,10.2,4.35
"758",2010-09-01,"Education",61319,1614,1330,1708,510000,270000,343834,11.2,10.2,4.35
"759",2010-09-01,"Finance",15265,1614,1330,1708,510000,270000,343834,11.2,10.2,4.35
"760",2010-09-01,"Information",8535,1614,1330,1708,510000,270000,343834,11.2,10.2,4.35
"761",2010-09-01,"Hospitality",32826,1614,1330,1708,510000,270000,343834,11.2,10.2,4.35
"762",2010-09-01,"Manufacturing",56797,1614,1330,1708,510000,270000,343834,11.2,10.2,4.35
"763",2010-09-01,"Mining",499,1614,1330,1708,510000,270000,343834,11.2,10.2,4.35
"764",2010-09-01,"Other",15502,1614,1330,1708,510000,270000,343834,11.2,10.2,4.35
"765",2010-09-01,"Business",58568,1614,1330,1708,510000,270000,343834,11.2,10.2,4.35
"766",2010-09-01,"Public",17342,1614,1330,1708,510000,270000,343834,11.2,10.2,4.35
"767",2010-09-01,"Trade",58946,1614,1330,1708,510000,270000,343834,11.2,10.2,4.35
"768",2010-09-01,"Unclassified",599,1614,1330,1708,510000,270000,343834,11.2,10.2,4.35
"769",2010-08-01,"Construction",17598,1651,1342,1729,550000,3e+05,339639,11.6,10.5,4.43
"770",2010-08-01,"Education",55901,1651,1342,1729,550000,3e+05,339639,11.6,10.5,4.43
"771",2010-08-01,"Finance",15382,1651,1342,1729,550000,3e+05,339639,11.6,10.5,4.43
"772",2010-08-01,"Information",8591,1651,1342,1729,550000,3e+05,339639,11.6,10.5,4.43
"773",2010-08-01,"Hospitality",32877,1651,1342,1729,550000,3e+05,339639,11.6,10.5,4.43
"774",2010-08-01,"Manufacturing",56891,1651,1342,1729,550000,3e+05,339639,11.6,10.5,4.43
"775",2010-08-01,"Mining",507,1651,1342,1729,550000,3e+05,339639,11.6,10.5,4.43
"776",2010-08-01,"Other",15662,1651,1342,1729,550000,3e+05,339639,11.6,10.5,4.43
"777",2010-08-01,"Business",58575,1651,1342,1729,550000,3e+05,339639,11.6,10.5,4.43
"778",2010-08-01,"Public",17968,1651,1342,1729,550000,3e+05,339639,11.6,10.5,4.43
"779",2010-08-01,"Trade",59067,1651,1342,1729,550000,3e+05,339639,11.6,10.5,4.43
"780",2010-08-01,"Unclassified",620,1651,1342,1729,550000,3e+05,339639,11.6,10.5,4.43
"781",2010-07-01,"Construction",17638,1672,1354,1744,534944,270000,337061,11.8,10.7,4.56
"782",2010-07-01,"Education",53934,1672,1354,1744,534944,270000,337061,11.8,10.7,4.56
"783",2010-07-01,"Finance",15218,1672,1354,1744,534944,270000,337061,11.8,10.7,4.56
"784",2010-07-01,"Information",8634,1672,1354,1744,534944,270000,337061,11.8,10.7,4.56
"785",2010-07-01,"Hospitality",33009,1672,1354,1744,534944,270000,337061,11.8,10.7,4.56
"786",2010-07-01,"Manufacturing",56564,1672,1354,1744,534944,270000,337061,11.8,10.7,4.56
"787",2010-07-01,"Mining",491,1672,1354,1744,534944,270000,337061,11.8,10.7,4.56
"788",2010-07-01,"Other",15448,1672,1354,1744,534944,270000,337061,11.8,10.7,4.56
"789",2010-07-01,"Business",58624,1672,1354,1744,534944,270000,337061,11.8,10.7,4.56
"790",2010-07-01,"Public",18163,1672,1354,1744,534944,270000,337061,11.8,10.7,4.56
"791",2010-07-01,"Trade",58717,1672,1354,1744,534944,270000,337061,11.8,10.7,4.56
"792",2010-07-01,"Unclassified",621,1672,1354,1744,534944,270000,337061,11.8,10.7,4.56
"793",2010-06-01,"Construction",17342,1654,1347,1760,523500,307500,344972,11.6,10.6,4.74
"794",2010-06-01,"Education",65091,1654,1347,1760,523500,307500,344972,11.6,10.6,4.74
"795",2010-06-01,"Finance",15789,1654,1347,1760,523500,307500,344972,11.6,10.6,4.74
"796",2010-06-01,"Information",8568,1654,1347,1760,523500,307500,344972,11.6,10.6,4.74
"797",2010-06-01,"Hospitality",32713,1654,1347,1760,523500,307500,344972,11.6,10.6,4.74
"798",2010-06-01,"Manufacturing",55511,1654,1347,1760,523500,307500,344972,11.6,10.6,4.74
"799",2010-06-01,"Mining",513,1654,1347,1760,523500,307500,344972,11.6,10.6,4.74
"800",2010-06-01,"Other",14828,1654,1347,1760,523500,307500,344972,11.6,10.6,4.74
"801",2010-06-01,"Business",57753,1654,1347,1760,523500,307500,344972,11.6,10.6,4.74
"802",2010-06-01,"Public",17640,1654,1347,1760,523500,307500,344972,11.6,10.6,4.74
"803",2010-06-01,"Trade",58568,1654,1347,1760,523500,307500,344972,11.6,10.6,4.74
"804",2010-06-01,"Unclassified",656,1654,1347,1760,523500,307500,344972,11.6,10.6,4.74
"805",2010-05-01,"Construction",16951,1643,1340,1764,550000,327000,345791,11.3,10.3,4.89
"806",2010-05-01,"Education",66067,1643,1340,1764,550000,327000,345791,11.3,10.3,4.89
"807",2010-05-01,"Finance",15728,1643,1340,1764,550000,327000,345791,11.3,10.3,4.89
"808",2010-05-01,"Information",8581,1643,1340,1764,550000,327000,345791,11.3,10.3,4.89
"809",2010-05-01,"Hospitality",33475,1643,1340,1764,550000,327000,345791,11.3,10.3,4.89
"810",2010-05-01,"Manufacturing",54823,1643,1340,1764,550000,327000,345791,11.3,10.3,4.89
"811",2010-05-01,"Mining",484,1643,1340,1764,550000,327000,345791,11.3,10.3,4.89
"812",2010-05-01,"Other",15229,1643,1340,1764,550000,327000,345791,11.3,10.3,4.89
"813",2010-05-01,"Business",57729,1643,1340,1764,550000,327000,345791,11.3,10.3,4.89
"814",2010-05-01,"Public",17586,1643,1340,1764,550000,327000,345791,11.3,10.3,4.89
"815",2010-05-01,"Trade",58447,1643,1340,1764,550000,327000,345791,11.3,10.3,4.89
"816",2010-05-01,"Unclassified",691,1643,1340,1764,550000,327000,345791,11.3,10.3,4.89
"817",2010-04-01,"Construction",16804,1649,1332,1766,518500,261000,343692,11.6,10.6,5.1
"818",2010-04-01,"Education",65850,1649,1332,1766,518500,261000,343692,11.6,10.6,5.1
"819",2010-04-01,"Finance",15670,1649,1332,1766,518500,261000,343692,11.6,10.6,5.1
"820",2010-04-01,"Information",8637,1649,1332,1766,518500,261000,343692,11.6,10.6,5.1
"821",2010-04-01,"Hospitality",32977,1649,1332,1766,518500,261000,343692,11.6,10.6,5.1
"822",2010-04-01,"Manufacturing",54362,1649,1332,1766,518500,261000,343692,11.6,10.6,5.1
"823",2010-04-01,"Mining",491,1649,1332,1766,518500,261000,343692,11.6,10.6,5.1
"824",2010-04-01,"Other",14689,1649,1332,1766,518500,261000,343692,11.6,10.6,5.1
"825",2010-04-01,"Business",57796,1649,1332,1766,518500,261000,343692,11.6,10.6,5.1
"826",2010-04-01,"Public",17467,1649,1332,1766,518500,261000,343692,11.6,10.6,5.1
"827",2010-04-01,"Trade",58291,1649,1332,1766,518500,261000,343692,11.6,10.6,5.1
"828",2010-04-01,"Unclassified",658,1649,1332,1766,518500,261000,343692,11.6,10.6,5.1
"829",2010-03-01,"Construction",16482,1645,1330,1778,510000,319000,341450,12.2,11.1,4.97
"830",2010-03-01,"Education",65363,1645,1330,1778,510000,319000,341450,12.2,11.1,4.97
"831",2010-03-01,"Finance",15518,1645,1330,1778,510000,319000,341450,12.2,11.1,4.97
"832",2010-03-01,"Information",8597,1645,1330,1778,510000,319000,341450,12.2,11.1,4.97
"833",2010-03-01,"Hospitality",32576,1645,1330,1778,510000,319000,341450,12.2,11.1,4.97
"834",2010-03-01,"Manufacturing",54285,1645,1330,1778,510000,319000,341450,12.2,11.1,4.97
"835",2010-03-01,"Mining",586,1645,1330,1778,510000,319000,341450,12.2,11.1,4.97
"836",2010-03-01,"Other",14615,1645,1330,1778,510000,319000,341450,12.2,11.1,4.97
"837",2010-03-01,"Business",56833,1645,1330,1778,510000,319000,341450,12.2,11.1,4.97
"838",2010-03-01,"Public",17412,1645,1330,1778,510000,319000,341450,12.2,11.1,4.97
"839",2010-03-01,"Trade",58441,1645,1330,1778,510000,319000,341450,12.2,11.1,4.97
"840",2010-03-01,"Unclassified",742,1645,1330,1778,510000,319000,341450,12.2,11.1,4.97
"841",2010-02-01,"Construction",16344,1658,1317,1802,485000,285000,340652,12.1,11.1,4.99
"842",2010-02-01,"Education",65098,1658,1317,1802,485000,285000,340652,12.1,11.1,4.99
"843",2010-02-01,"Finance",15258,1658,1317,1802,485000,285000,340652,12.1,11.1,4.99
"844",2010-02-01,"Information",8624,1658,1317,1802,485000,285000,340652,12.1,11.1,4.99
"845",2010-02-01,"Hospitality",32286,1658,1317,1802,485000,285000,340652,12.1,11.1,4.99
"846",2010-02-01,"Manufacturing",54278,1658,1317,1802,485000,285000,340652,12.1,11.1,4.99
"847",2010-02-01,"Mining",611,1658,1317,1802,485000,285000,340652,12.1,11.1,4.99
"848",2010-02-01,"Other",14739,1658,1317,1802,485000,285000,340652,12.1,11.1,4.99
"849",2010-02-01,"Business",56782,1658,1317,1802,485000,285000,340652,12.1,11.1,4.99
"850",2010-02-01,"Public",17419,1658,1317,1802,485000,285000,340652,12.1,11.1,4.99
"851",2010-02-01,"Trade",58450,1658,1317,1802,485000,285000,340652,12.1,11.1,4.99
"852",2010-02-01,"Unclassified",763,1658,1317,1802,485000,285000,340652,12.1,11.1,4.99
"853",2010-01-01,"Construction",16495,1677,1325,1818,481000,270000,339833,12.3,11.2,5.03
"854",2010-01-01,"Education",64445,1677,1325,1818,481000,270000,339833,12.3,11.2,5.03
"855",2010-01-01,"Finance",15350,1677,1325,1818,481000,270000,339833,12.3,11.2,5.03
"856",2010-01-01,"Information",8730,1677,1325,1818,481000,270000,339833,12.3,11.2,5.03
"857",2010-01-01,"Hospitality",31653,1677,1325,1818,481000,270000,339833,12.3,11.2,5.03
"858",2010-01-01,"Manufacturing",54141,1677,1325,1818,481000,270000,339833,12.3,11.2,5.03
"859",2010-01-01,"Mining",630,1677,1325,1818,481000,270000,339833,12.3,11.2,5.03
"860",2010-01-01,"Other",14381,1677,1325,1818,481000,270000,339833,12.3,11.2,5.03
"861",2010-01-01,"Business",56657,1677,1325,1818,481000,270000,339833,12.3,11.2,5.03
"862",2010-01-01,"Public",17598,1677,1325,1818,481000,270000,339833,12.3,11.2,5.03
"863",2010-01-01,"Trade",58994,1677,1325,1818,481000,270000,339833,12.3,11.2,5.03
"864",2010-01-01,"Unclassified",759,1677,1325,1818,481000,270000,339833,12.3,11.2,5.03
"865",2009-12-01,"Construction",16901,1698,1330,1828,490000,290000,349253,11.9,11,4.93
"866",2009-12-01,"Education",65257,1698,1330,1828,490000,290000,349253,11.9,11,4.93
"867",2009-12-01,"Finance",16033,1698,1330,1828,490000,290000,349253,11.9,11,4.93
"868",2009-12-01,"Information",8858,1698,1330,1828,490000,290000,349253,11.9,11,4.93
"869",2009-12-01,"Hospitality",31760,1698,1330,1828,490000,290000,349253,11.9,11,4.93
"870",2009-12-01,"Manufacturing",55735,1698,1330,1828,490000,290000,349253,11.9,11,4.93
"871",2009-12-01,"Mining",461,1698,1330,1828,490000,290000,349253,11.9,11,4.93
"872",2009-12-01,"Other",15972,1698,1330,1828,490000,290000,349253,11.9,11,4.93
"873",2009-12-01,"Business",58412,1698,1330,1828,490000,290000,349253,11.9,11,4.93
"874",2009-12-01,"Public",17755,1698,1330,1828,490000,290000,349253,11.9,11,4.93
"875",2009-12-01,"Trade",60768,1698,1330,1828,490000,290000,349253,11.9,11,4.93
"876",2009-12-01,"Unclassified",1341,1698,1330,1828,490000,290000,349253,11.9,11,4.93
"877",2009-11-01,"Construction",17101,1683,1332,1831,515000,285500,348388,12.2,11.1,4.88
"878",2009-11-01,"Education",65434,1683,1332,1831,515000,285500,348388,12.2,11.1,4.88
"879",2009-11-01,"Finance",16092,1683,1332,1831,515000,285500,348388,12.2,11.1,4.88
"880",2009-11-01,"Information",8848,1683,1332,1831,515000,285500,348388,12.2,11.1,4.88
"881",2009-11-01,"Hospitality",31358,1683,1332,1831,515000,285500,348388,12.2,11.1,4.88
"882",2009-11-01,"Manufacturing",55409,1683,1332,1831,515000,285500,348388,12.2,11.1,4.88
"883",2009-11-01,"Mining",440,1683,1332,1831,515000,285500,348388,12.2,11.1,4.88
"884",2009-11-01,"Other",16281,1683,1332,1831,515000,285500,348388,12.2,11.1,4.88
"885",2009-11-01,"Business",58179,1683,1332,1831,515000,285500,348388,12.2,11.1,4.88
"886",2009-11-01,"Public",17736,1683,1332,1831,515000,285500,348388,12.2,11.1,4.88
"887",2009-11-01,"Trade",60226,1683,1332,1831,515000,285500,348388,12.2,11.1,4.88
"888",2009-11-01,"Unclassified",1284,1683,1332,1831,515000,285500,348388,12.2,11.1,4.88
"889",2009-10-01,"Construction",17103,1673,1331,1855,520000,280000,346699,12.4,11.2,4.95
"890",2009-10-01,"Education",64807,1673,1331,1855,520000,280000,346699,12.4,11.2,4.95
"891",2009-10-01,"Finance",15979,1673,1331,1855,520000,280000,346699,12.4,11.2,4.95
"892",2009-10-01,"Information",8845,1673,1331,1855,520000,280000,346699,12.4,11.2,4.95
"893",2009-10-01,"Hospitality",31691,1673,1331,1855,520000,280000,346699,12.4,11.2,4.95
"894",2009-10-01,"Manufacturing",55302,1673,1331,1855,520000,280000,346699,12.4,11.2,4.95
"895",2009-10-01,"Mining",468,1673,1331,1855,520000,280000,346699,12.4,11.2,4.95
"896",2009-10-01,"Other",16168,1673,1331,1855,520000,280000,346699,12.4,11.2,4.95
"897",2009-10-01,"Business",58181,1673,1331,1855,520000,280000,346699,12.4,11.2,4.95
"898",2009-10-01,"Public",17762,1673,1331,1855,520000,280000,346699,12.4,11.2,4.95
"899",2009-10-01,"Trade",59147,1673,1331,1855,520000,280000,346699,12.4,11.2,4.95
"900",2009-10-01,"Unclassified",1246,1673,1331,1855,520000,280000,346699,12.4,11.2,4.95
"901",2009-09-01,"Construction",17476,1677,1323,1827,465000,285000,345549,12.4,11.2,5.06
"902",2009-09-01,"Education",62118,1677,1323,1827,465000,285000,345549,12.4,11.2,5.06
"903",2009-09-01,"Finance",15847,1677,1323,1827,465000,285000,345549,12.4,11.2,5.06
"904",2009-09-01,"Information",8877,1677,1323,1827,465000,285000,345549,12.4,11.2,5.06
"905",2009-09-01,"Hospitality",32502,1677,1323,1827,465000,285000,345549,12.4,11.2,5.06
"906",2009-09-01,"Manufacturing",55817,1677,1323,1827,465000,285000,345549,12.4,11.2,5.06
"907",2009-09-01,"Mining",807,1677,1323,1827,465000,285000,345549,12.4,11.2,5.06
"908",2009-09-01,"Other",16572,1677,1323,1827,465000,285000,345549,12.4,11.2,5.06
"909",2009-09-01,"Business",57647,1677,1323,1827,465000,285000,345549,12.4,11.2,5.06
"910",2009-09-01,"Public",17995,1677,1323,1827,465000,285000,345549,12.4,11.2,5.06
"911",2009-09-01,"Trade",59220,1677,1323,1827,465000,285000,345549,12.4,11.2,5.06
"912",2009-09-01,"Unclassified",671,1677,1323,1827,465000,285000,345549,12.4,11.2,5.06
"913",2009-08-01,"Construction",17716,1699,1339,1864,485000,266000,340898,12.5,11.3,5.19
"914",2009-08-01,"Education",55881,1699,1339,1864,485000,266000,340898,12.5,11.3,5.19
"915",2009-08-01,"Finance",15997,1699,1339,1864,485000,266000,340898,12.5,11.3,5.19
"916",2009-08-01,"Information",8991,1699,1339,1864,485000,266000,340898,12.5,11.3,5.19
"917",2009-08-01,"Hospitality",32934,1699,1339,1864,485000,266000,340898,12.5,11.3,5.19
"918",2009-08-01,"Manufacturing",55866,1699,1339,1864,485000,266000,340898,12.5,11.3,5.19
"919",2009-08-01,"Mining",724,1699,1339,1864,485000,266000,340898,12.5,11.3,5.19
"920",2009-08-01,"Other",16545,1699,1339,1864,485000,266000,340898,12.5,11.3,5.19
"921",2009-08-01,"Business",57981,1699,1339,1864,485000,266000,340898,12.5,11.3,5.19
"922",2009-08-01,"Public",18455,1699,1339,1864,485000,266000,340898,12.5,11.3,5.19
"923",2009-08-01,"Trade",59104,1699,1339,1864,485000,266000,340898,12.5,11.3,5.19
"924",2009-08-01,"Unclassified",704,1699,1339,1864,485000,266000,340898,12.5,11.3,5.19
