"","Date","Job Sector","Number of Jobs","Average Apt Rent","Average 1bd Apt Rent","Average 2bd Apt Rent","Average Price Single Family Home","Average Price Condo.Townhome","Total Jobs","Unemployment Rate for San Jose","Unemployment Rate for San Jose Metro Area"
"1",2015-12-01,"Construction",22886,2791,2469,3073,825000,465000,403194,4.2,3.9
"2",2015-12-01,"Education",82406,2791,2469,3073,825000,465000,403194,4.2,3.9
"3",2015-12-01,"Finance",16574,2791,2469,3073,825000,465000,403194,4.2,3.9
"4",2015-12-01,"Information",11972,2791,2469,3073,825000,465000,403194,4.2,3.9
"5",2015-12-01,"Hospitality",41518,2791,2469,3073,825000,465000,403194,4.2,3.9
"6",2015-12-01,"Manufacturing",55574,2791,2469,3073,825000,465000,403194,4.2,3.9
"7",2015-12-01,"Mining",448,2791,2469,3073,825000,465000,403194,4.2,3.9
"8",2015-12-01,"Other",11181,2791,2469,3073,825000,465000,403194,4.2,3.9
"9",2015-12-01,"Business",72339,2791,2469,3073,825000,465000,403194,4.2,3.9
"10",2015-12-01,"Public",16374,2791,2469,3073,825000,465000,403194,4.2,3.9
"11",2015-12-01,"Trade",69999,2791,2469,3073,825000,465000,403194,4.2,3.9
"12",2015-12-01,"Unclassified",1923,2791,2469,3073,825000,465000,403194,4.2,3.9
"13",2015-11-01,"Construction",23107,2786,2449,3062,840000,560000,403907,4.4,4.1
"14",2015-11-01,"Education",82894,2786,2449,3062,840000,560000,403907,4.4,4.1
"15",2015-11-01,"Finance",16470,2786,2449,3062,840000,560000,403907,4.4,4.1
"16",2015-11-01,"Information",11932,2786,2449,3062,840000,560000,403907,4.4,4.1
"17",2015-11-01,"Hospitality",41727,2786,2449,3062,840000,560000,403907,4.4,4.1
"18",2015-11-01,"Manufacturing",55463,2786,2449,3062,840000,560000,403907,4.4,4.1
"19",2015-11-01,"Mining",618,2786,2449,3062,840000,560000,403907,4.4,4.1
"20",2015-11-01,"Other",11255,2786,2449,3062,840000,560000,403907,4.4,4.1
"21",2015-11-01,"Business",72558,2786,2449,3062,840000,560000,403907,4.4,4.1
"22",2015-11-01,"Public",16497,2786,2449,3062,840000,560000,403907,4.4,4.1
"23",2015-11-01,"Trade",69479,2786,2449,3062,840000,560000,403907,4.4,4.1
"24",2015-11-01,"Unclassified",1907,2786,2449,3062,840000,560000,403907,4.4,4.1
"25",2015-10-01,"Construction",23804,2806,2455,3081,850000,560000,403600,4.5,4.1
"26",2015-10-01,"Education",83000,2806,2455,3081,850000,560000,403600,4.5,4.1
"27",2015-10-01,"Finance",16500,2806,2455,3081,850000,560000,403600,4.5,4.1
"28",2015-10-01,"Information",11872,2806,2455,3081,850000,560000,403600,4.5,4.1
"29",2015-10-01,"Hospitality",41911,2806,2455,3081,850000,560000,403600,4.5,4.1
"30",2015-10-01,"Manufacturing",55849,2806,2455,3081,850000,560000,403600,4.5,4.1
"31",2015-10-01,"Mining",644,2806,2455,3081,850000,560000,403600,4.5,4.1
"32",2015-10-01,"Other",11285,2806,2455,3081,850000,560000,403600,4.5,4.1
"33",2015-10-01,"Business",72501,2806,2455,3081,850000,560000,403600,4.5,4.1
"34",2015-10-01,"Public",16756,2806,2455,3081,850000,560000,403600,4.5,4.1
"35",2015-10-01,"Trade",67680,2806,2455,3081,850000,560000,403600,4.5,4.1
"36",2015-10-01,"Unclassified",1798,2806,2455,3081,850000,560000,403600,4.5,4.1
"37",2015-09-01,"Construction",23211,2836,2475,3101,850000,455000,398811,4.3,3.9
"38",2015-09-01,"Education",81226,2836,2475,3101,850000,455000,398811,4.3,3.9
"39",2015-09-01,"Finance",16425,2836,2475,3101,850000,455000,398811,4.3,3.9
"40",2015-09-01,"Information",11800,2836,2475,3101,850000,455000,398811,4.3,3.9
"41",2015-09-01,"Hospitality",41212,2836,2475,3101,850000,455000,398811,4.3,3.9
"42",2015-09-01,"Manufacturing",55260,2836,2475,3101,850000,455000,398811,4.3,3.9
"43",2015-09-01,"Mining",668,2836,2475,3101,850000,455000,398811,4.3,3.9
"44",2015-09-01,"Other",11238,2836,2475,3101,850000,455000,398811,4.3,3.9
"45",2015-09-01,"Business",72079,2836,2475,3101,850000,455000,398811,4.3,3.9
"46",2015-09-01,"Public",16322,2836,2475,3101,850000,455000,398811,4.3,3.9
"47",2015-09-01,"Trade",67386,2836,2475,3101,850000,455000,398811,4.3,3.9
"48",2015-09-01,"Unclassified",1984,2836,2475,3101,850000,455000,398811,4.3,3.9
"49",2015-08-01,"Construction",23325,2830,2485,3066,850000,482500,395518,4.6,4.2
"50",2015-08-01,"Education",76947,2830,2485,3066,850000,482500,395518,4.6,4.2
"51",2015-08-01,"Finance",16546,2830,2485,3066,850000,482500,395518,4.6,4.2
"52",2015-08-01,"Information",11911,2830,2485,3066,850000,482500,395518,4.6,4.2
"53",2015-08-01,"Hospitality",41012,2830,2485,3066,850000,482500,395518,4.6,4.2
"54",2015-08-01,"Manufacturing",55520,2830,2485,3066,850000,482500,395518,4.6,4.2
"55",2015-08-01,"Mining",652,2830,2485,3066,850000,482500,395518,4.6,4.2
"56",2015-08-01,"Other",11419,2830,2485,3066,850000,482500,395518,4.6,4.2
"57",2015-08-01,"Business",72699,2830,2485,3066,850000,482500,395518,4.6,4.2
"58",2015-08-01,"Public",16244,2830,2485,3066,850000,482500,395518,4.6,4.2
"59",2015-08-01,"Trade",67355,2830,2485,3066,850000,482500,395518,4.6,4.2
"60",2015-08-01,"Unclassified",1888,2830,2485,3066,850000,482500,395518,4.6,4.2
"61",2015-07-01,"Construction",22855,2826,2479,3058,860000,545000,391556,4.9,4.5
"62",2015-07-01,"Education",73706,2826,2479,3058,860000,545000,391556,4.9,4.5
"63",2015-07-01,"Finance",16548,2826,2479,3058,860000,545000,391556,4.9,4.5
"64",2015-07-01,"Information",11818,2826,2479,3058,860000,545000,391556,4.9,4.5
"65",2015-07-01,"Hospitality",41113,2826,2479,3058,860000,545000,391556,4.9,4.5
"66",2015-07-01,"Manufacturing",55734,2826,2479,3058,860000,545000,391556,4.9,4.5
"67",2015-07-01,"Mining",670,2826,2479,3058,860000,545000,391556,4.9,4.5
"68",2015-07-01,"Other",11402,2826,2479,3058,860000,545000,391556,4.9,4.5
"69",2015-07-01,"Business",72602,2826,2479,3058,860000,545000,391556,4.9,4.5
"70",2015-07-01,"Public",16203,2826,2479,3058,860000,545000,391556,4.9,4.5
"71",2015-07-01,"Trade",67094,2826,2479,3058,860000,545000,391556,4.9,4.5
"72",2015-07-01,"Unclassified",1811,2826,2479,3058,860000,545000,391556,4.9,4.5
"73",2015-06-01,"Construction",22310,2807,2418,3003,865000,550000,397831,4.6,4.2
"74",2015-06-01,"Education",81262,2807,2418,3003,865000,550000,397831,4.6,4.2
"75",2015-06-01,"Finance",16366,2807,2418,3003,865000,550000,397831,4.6,4.2
"76",2015-06-01,"Information",11686,2807,2418,3003,865000,550000,397831,4.6,4.2
"77",2015-06-01,"Hospitality",41367,2807,2418,3003,865000,550000,397831,4.6,4.2
"78",2015-06-01,"Manufacturing",56490,2807,2418,3003,865000,550000,397831,4.6,4.2
"79",2015-06-01,"Mining",682,2807,2418,3003,865000,550000,397831,4.6,4.2
"80",2015-06-01,"Other",11269,2807,2418,3003,865000,550000,397831,4.6,4.2
"81",2015-06-01,"Business",71752,2807,2418,3003,865000,550000,397831,4.6,4.2
"82",2015-06-01,"Public",16354,2807,2418,3003,865000,550000,397831,4.6,4.2
"83",2015-06-01,"Trade",66747,2807,2418,3003,865000,550000,397831,4.6,4.2
"84",2015-06-01,"Unclassified",1546,2807,2418,3003,865000,550000,397831,4.6,4.2
"85",2015-05-01,"Construction",22045,2712,2379,2910,851000,530500,398208,4.5,4.2
"86",2015-05-01,"Education",82752,2712,2379,2910,851000,530500,398208,4.5,4.2
"87",2015-05-01,"Finance",16207,2712,2379,2910,851000,530500,398208,4.5,4.2
"88",2015-05-01,"Information",11507,2712,2379,2910,851000,530500,398208,4.5,4.2
"89",2015-05-01,"Hospitality",41906,2712,2379,2910,851000,530500,398208,4.5,4.2
"90",2015-05-01,"Manufacturing",55815,2712,2379,2910,851000,530500,398208,4.5,4.2
"91",2015-05-01,"Mining",664,2712,2379,2910,851000,530500,398208,4.5,4.2
"92",2015-05-01,"Other",11341,2712,2379,2910,851000,530500,398208,4.5,4.2
"93",2015-05-01,"Business",71562,2712,2379,2910,851000,530500,398208,4.5,4.2
"94",2015-05-01,"Public",16431,2712,2379,2910,851000,530500,398208,4.5,4.2
"95",2015-05-01,"Trade",66406,2712,2379,2910,851000,530500,398208,4.5,4.2
"96",2015-05-01,"Unclassified",1572,2712,2379,2910,851000,530500,398208,4.5,4.2
"97",2015-04-01,"Construction",21708,2656,2330,2873,845000,505000,395966,4.5,4.1
"98",2015-04-01,"Education",82449,2656,2330,2873,845000,505000,395966,4.5,4.1
"99",2015-04-01,"Finance",15988,2656,2330,2873,845000,505000,395966,4.5,4.1
"100",2015-04-01,"Information",11452,2656,2330,2873,845000,505000,395966,4.5,4.1
"101",2015-04-01,"Hospitality",41209,2656,2330,2873,845000,505000,395966,4.5,4.1
"102",2015-04-01,"Manufacturing",55539,2656,2330,2873,845000,505000,395966,4.5,4.1
"103",2015-04-01,"Mining",593,2656,2330,2873,845000,505000,395966,4.5,4.1
"104",2015-04-01,"Other",11126,2656,2330,2873,845000,505000,395966,4.5,4.1
"105",2015-04-01,"Business",71761,2656,2330,2873,845000,505000,395966,4.5,4.1
"106",2015-04-01,"Public",16277,2656,2330,2873,845000,505000,395966,4.5,4.1
"107",2015-04-01,"Trade",66384,2656,2330,2873,845000,505000,395966,4.5,4.1
"108",2015-04-01,"Unclassified",1480,2656,2330,2873,845000,505000,395966,4.5,4.1
"109",2015-03-01,"Construction",21385,2628,2306,2880,801000,490000,395102,4.9,4.5
"110",2015-03-01,"Education",82168,2628,2306,2880,801000,490000,395102,4.9,4.5
"111",2015-03-01,"Finance",16071,2628,2306,2880,801000,490000,395102,4.9,4.5
"112",2015-03-01,"Information",11314,2628,2306,2880,801000,490000,395102,4.9,4.5
"113",2015-03-01,"Hospitality",40636,2628,2306,2880,801000,490000,395102,4.9,4.5
"114",2015-03-01,"Manufacturing",56180,2628,2306,2880,801000,490000,395102,4.9,4.5
"115",2015-03-01,"Mining",502,2628,2306,2880,801000,490000,395102,4.9,4.5
"116",2015-03-01,"Other",10903,2628,2306,2880,801000,490000,395102,4.9,4.5
"117",2015-03-01,"Business",71312,2628,2306,2880,801000,490000,395102,4.9,4.5
"118",2015-03-01,"Public",16453,2628,2306,2880,801000,490000,395102,4.9,4.5
"119",2015-03-01,"Trade",66799,2628,2306,2880,801000,490000,395102,4.9,4.5
"120",2015-03-01,"Unclassified",1379,2628,2306,2880,801000,490000,395102,4.9,4.5
"121",2015-02-01,"Construction",20957,2510,2195,2784,772500,468000,392613,5,4.6
"122",2015-02-01,"Education",81664,2510,2195,2784,772500,468000,392613,5,4.6
"123",2015-02-01,"Finance",16161,2510,2195,2784,772500,468000,392613,5,4.6
"124",2015-02-01,"Information",11291,2510,2195,2784,772500,468000,392613,5,4.6
"125",2015-02-01,"Hospitality",40414,2510,2195,2784,772500,468000,392613,5,4.6
"126",2015-02-01,"Manufacturing",56095,2510,2195,2784,772500,468000,392613,5,4.6
"127",2015-02-01,"Mining",428,2510,2195,2784,772500,468000,392613,5,4.6
"128",2015-02-01,"Other",10762,2510,2195,2784,772500,468000,392613,5,4.6
"129",2015-02-01,"Business",70018,2510,2195,2784,772500,468000,392613,5,4.6
"130",2015-02-01,"Public",16392,2510,2195,2784,772500,468000,392613,5,4.6
"131",2015-02-01,"Trade",67014,2510,2195,2784,772500,468000,392613,5,4.6
"132",2015-02-01,"Unclassified",1417,2510,2195,2784,772500,468000,392613,5,4.6
"133",2015-01-01,"Construction",20664,2525,2188,2778,725000,482360,390038,5.3,4.9
"134",2015-01-01,"Education",81021,2525,2188,2778,725000,482360,390038,5.3,4.9
"135",2015-01-01,"Finance",16146,2525,2188,2778,725000,482360,390038,5.3,4.9
"136",2015-01-01,"Information",11216,2525,2188,2778,725000,482360,390038,5.3,4.9
"137",2015-01-01,"Hospitality",38889,2525,2188,2778,725000,482360,390038,5.3,4.9
"138",2015-01-01,"Manufacturing",55937,2525,2188,2778,725000,482360,390038,5.3,4.9
"139",2015-01-01,"Mining",446,2525,2188,2778,725000,482360,390038,5.3,4.9
"140",2015-01-01,"Other",10671,2525,2188,2778,725000,482360,390038,5.3,4.9
"141",2015-01-01,"Business",69433,2525,2188,2778,725000,482360,390038,5.3,4.9
"142",2015-01-01,"Public",16380,2525,2188,2778,725000,482360,390038,5.3,4.9
"143",2015-01-01,"Trade",67898,2525,2188,2778,725000,482360,390038,5.3,4.9
"144",2015-01-01,"Unclassified",1337,2525,2188,2778,725000,482360,390038,5.3,4.9
"145",2014-12-01,"Construction",20402,2517,2159,2738,760003,465000,392823,4.8,4.4
"146",2014-12-01,"Education",81278,2517,2159,2738,760003,465000,392823,4.8,4.4
"147",2014-12-01,"Finance",16342,2517,2159,2738,760003,465000,392823,4.8,4.4
"148",2014-12-01,"Information",10812,2517,2159,2738,760003,465000,392823,4.8,4.4
"149",2014-12-01,"Hospitality",39702,2517,2159,2738,760003,465000,392823,4.8,4.4
"150",2014-12-01,"Manufacturing",55987,2517,2159,2738,760003,465000,392823,4.8,4.4
"151",2014-12-01,"Mining",451,2517,2159,2738,760003,465000,392823,4.8,4.4
"152",2014-12-01,"Other",10501,2517,2159,2738,760003,465000,392823,4.8,4.4
"153",2014-12-01,"Business",69948,2517,2159,2738,760003,465000,392823,4.8,4.4
"154",2014-12-01,"Public",16545,2517,2159,2738,760003,465000,392823,4.8,4.4
"155",2014-12-01,"Trade",68977,2517,2159,2738,760003,465000,392823,4.8,4.4
"156",2014-12-01,"Unclassified",1878,2517,2159,2738,760003,465000,392823,4.8,4.4
"157",2014-11-01,"Construction",20559,2515,2146,2726,770000,470000,391753,5.3,4.9
"158",2014-11-01,"Education",81487,2515,2146,2726,770000,470000,391753,5.3,4.9
"159",2014-11-01,"Finance",16281,2515,2146,2726,770000,470000,391753,5.3,4.9
"160",2014-11-01,"Information",10750,2515,2146,2726,770000,470000,391753,5.3,4.9
"161",2014-11-01,"Hospitality",39642,2515,2146,2726,770000,470000,391753,5.3,4.9
"162",2014-11-01,"Manufacturing",56121,2515,2146,2726,770000,470000,391753,5.3,4.9
"163",2014-11-01,"Mining",609,2515,2146,2726,770000,470000,391753,5.3,4.9
"164",2014-11-01,"Other",10586,2515,2146,2726,770000,470000,391753,5.3,4.9
"165",2014-11-01,"Business",69415,2515,2146,2726,770000,470000,391753,5.3,4.9
"166",2014-11-01,"Public",16564,2515,2146,2726,770000,470000,391753,5.3,4.9
"167",2014-11-01,"Trade",68044,2515,2146,2726,770000,470000,391753,5.3,4.9
"168",2014-11-01,"Unclassified",1695,2515,2146,2726,770000,470000,391753,5.3,4.9
"169",2014-10-01,"Construction",20586,2513,2156,2735,782000,480000,389626,5.4,4.9
"170",2014-10-01,"Education",81455,2513,2156,2735,782000,480000,389626,5.4,4.9
"171",2014-10-01,"Finance",16215,2513,2156,2735,782000,480000,389626,5.4,4.9
"172",2014-10-01,"Information",10674,2513,2156,2735,782000,480000,389626,5.4,4.9
"173",2014-10-01,"Hospitality",39666,2513,2156,2735,782000,480000,389626,5.4,4.9
"174",2014-10-01,"Manufacturing",56118,2513,2156,2735,782000,480000,389626,5.4,4.9
"175",2014-10-01,"Mining",579,2513,2156,2735,782000,480000,389626,5.4,4.9
"176",2014-10-01,"Other",10621,2513,2156,2735,782000,480000,389626,5.4,4.9
"177",2014-10-01,"Business",69337,2513,2156,2735,782000,480000,389626,5.4,4.9
"178",2014-10-01,"Public",16683,2513,2156,2735,782000,480000,389626,5.4,4.9
"179",2014-10-01,"Trade",66080,2513,2156,2735,782000,480000,389626,5.4,4.9
"180",2014-10-01,"Unclassified",1612,2513,2156,2735,782000,480000,389626,5.4,4.9
"181",2014-09-01,"Construction",20806,2511,2157,2730,746250,451500,386526,5.4,4.9
"182",2014-09-01,"Education",79861,2511,2157,2730,746250,451500,386526,5.4,4.9
"183",2014-09-01,"Finance",16057,2511,2157,2730,746250,451500,386526,5.4,4.9
"184",2014-09-01,"Information",10733,2511,2157,2730,746250,451500,386526,5.4,4.9
"185",2014-09-01,"Hospitality",39611,2511,2157,2730,746250,451500,386526,5.4,4.9
"186",2014-09-01,"Manufacturing",57022,2511,2157,2730,746250,451500,386526,5.4,4.9
"187",2014-09-01,"Mining",568,2511,2157,2730,746250,451500,386526,5.4,4.9
"188",2014-09-01,"Other",10586,2511,2157,2730,746250,451500,386526,5.4,4.9
"189",2014-09-01,"Business",68325,2511,2157,2730,746250,451500,386526,5.4,4.9
"190",2014-09-01,"Public",16510,2511,2157,2730,746250,451500,386526,5.4,4.9
"191",2014-09-01,"Trade",65577,2511,2157,2730,746250,451500,386526,5.4,4.9
"192",2014-09-01,"Unclassified",870,2511,2157,2730,746250,451500,386526,5.4,4.9
"193",2014-08-01,"Construction",20884,2512,2146,2737,780000,478750,382283,5.9,5.4
"194",2014-08-01,"Education",74715,2512,2146,2737,780000,478750,382283,5.9,5.4
"195",2014-08-01,"Finance",16074,2512,2146,2737,780000,478750,382283,5.9,5.4
"196",2014-08-01,"Information",10856,2512,2146,2737,780000,478750,382283,5.9,5.4
"197",2014-08-01,"Hospitality",39531,2512,2146,2737,780000,478750,382283,5.9,5.4
"198",2014-08-01,"Manufacturing",57672,2512,2146,2737,780000,478750,382283,5.9,5.4
"199",2014-08-01,"Mining",594,2512,2146,2737,780000,478750,382283,5.9,5.4
"200",2014-08-01,"Other",10671,2512,2146,2737,780000,478750,382283,5.9,5.4
"201",2014-08-01,"Business",68173,2512,2146,2737,780000,478750,382283,5.9,5.4
"202",2014-08-01,"Public",16376,2512,2146,2737,780000,478750,382283,5.9,5.4
"203",2014-08-01,"Trade",65876,2512,2146,2737,780000,478750,382283,5.9,5.4
"204",2014-08-01,"Unclassified",861,2512,2146,2737,780000,478750,382283,5.9,5.4
"205",2014-07-01,"Construction",20636,2503,2139,2726,750000,466000,378012,6.2,5.6
"206",2014-07-01,"Education",71174,2503,2139,2726,750000,466000,378012,6.2,5.6
"207",2014-07-01,"Finance",16099,2503,2139,2726,750000,466000,378012,6.2,5.6
"208",2014-07-01,"Information",10804,2503,2139,2726,750000,466000,378012,6.2,5.6
"209",2014-07-01,"Hospitality",39848,2503,2139,2726,750000,466000,378012,6.2,5.6
"210",2014-07-01,"Manufacturing",57679,2503,2139,2726,750000,466000,378012,6.2,5.6
"211",2014-07-01,"Mining",602,2503,2139,2726,750000,466000,378012,6.2,5.6
"212",2014-07-01,"Other",10576,2503,2139,2726,750000,466000,378012,6.2,5.6
"213",2014-07-01,"Business",67776,2503,2139,2726,750000,466000,378012,6.2,5.6
"214",2014-07-01,"Public",16221,2503,2139,2726,750000,466000,378012,6.2,5.6
"215",2014-07-01,"Trade",65844,2503,2139,2726,750000,466000,378012,6.2,5.6
"216",2014-07-01,"Unclassified",753,2503,2139,2726,750000,466000,378012,6.2,5.6
"217",2014-06-01,"Construction",20224,2449,2102,2686,795400,457000,384626,5.7,5.2
"218",2014-06-01,"Education",79546,2449,2102,2686,795400,457000,384626,5.7,5.2
"219",2014-06-01,"Finance",16484,2449,2102,2686,795400,457000,384626,5.7,5.2
"220",2014-06-01,"Information",10702,2449,2102,2686,795400,457000,384626,5.7,5.2
"221",2014-06-01,"Hospitality",39719,2449,2102,2686,795400,457000,384626,5.7,5.2
"222",2014-06-01,"Manufacturing",55662,2449,2102,2686,795400,457000,384626,5.7,5.2
"223",2014-06-01,"Mining",610,2449,2102,2686,795400,457000,384626,5.7,5.2
"224",2014-06-01,"Other",10684,2449,2102,2686,795400,457000,384626,5.7,5.2
"225",2014-06-01,"Business",67642,2449,2102,2686,795400,457000,384626,5.7,5.2
"226",2014-06-01,"Public",16528,2449,2102,2686,795400,457000,384626,5.7,5.2
"227",2014-06-01,"Trade",66138,2449,2102,2686,795400,457000,384626,5.7,5.2
"228",2014-06-01,"Unclassified",687,2449,2102,2686,795400,457000,384626,5.7,5.2
"229",2014-05-01,"Construction",19665,2379,2047,2601,782000,471500,383870,5.6,5.1
"230",2014-05-01,"Education",81141,2379,2047,2601,782000,471500,383870,5.6,5.1
"231",2014-05-01,"Finance",16174,2379,2047,2601,782000,471500,383870,5.6,5.1
"232",2014-05-01,"Information",10517,2379,2047,2601,782000,471500,383870,5.6,5.1
"233",2014-05-01,"Hospitality",40137,2379,2047,2601,782000,471500,383870,5.6,5.1
"234",2014-05-01,"Manufacturing",55230,2379,2047,2601,782000,471500,383870,5.6,5.1
"235",2014-05-01,"Mining",600,2379,2047,2601,782000,471500,383870,5.6,5.1
"236",2014-05-01,"Other",10554,2379,2047,2601,782000,471500,383870,5.6,5.1
"237",2014-05-01,"Business",67024,2379,2047,2601,782000,471500,383870,5.6,5.1
"238",2014-05-01,"Public",16574,2379,2047,2601,782000,471500,383870,5.6,5.1
"239",2014-05-01,"Trade",65605,2379,2047,2601,782000,471500,383870,5.6,5.1
"240",2014-05-01,"Unclassified",649,2379,2047,2601,782000,471500,383870,5.6,5.1
"241",2014-04-01,"Construction",19510,2352,2044,2548,776500,465000,382252,5.5,5
"242",2014-04-01,"Education",80956,2352,2044,2548,776500,465000,382252,5.5,5
"243",2014-04-01,"Finance",15961,2352,2044,2548,776500,465000,382252,5.5,5
"244",2014-04-01,"Information",10599,2352,2044,2548,776500,465000,382252,5.5,5
"245",2014-04-01,"Hospitality",39137,2352,2044,2548,776500,465000,382252,5.5,5
"246",2014-04-01,"Manufacturing",55173,2352,2044,2548,776500,465000,382252,5.5,5
"247",2014-04-01,"Mining",522,2352,2044,2548,776500,465000,382252,5.5,5
"248",2014-04-01,"Other",10521,2352,2044,2548,776500,465000,382252,5.5,5
"249",2014-04-01,"Business",67427,2352,2044,2548,776500,465000,382252,5.5,5
"250",2014-04-01,"Public",16324,2352,2044,2548,776500,465000,382252,5.5,5
"251",2014-04-01,"Trade",65569,2352,2044,2548,776500,465000,382252,5.5,5
"252",2014-04-01,"Unclassified",553,2352,2044,2548,776500,465000,382252,5.5,5
"253",2014-03-01,"Construction",19249,2296,1997,2499,755000,460000,380451,6.4,5.9
"254",2014-03-01,"Education",80410,2296,1997,2499,755000,460000,380451,6.4,5.9
"255",2014-03-01,"Finance",15859,2296,1997,2499,755000,460000,380451,6.4,5.9
"256",2014-03-01,"Information",10598,2296,1997,2499,755000,460000,380451,6.4,5.9
"257",2014-03-01,"Hospitality",38658,2296,1997,2499,755000,460000,380451,6.4,5.9
"258",2014-03-01,"Manufacturing",55062,2296,1997,2499,755000,460000,380451,6.4,5.9
"259",2014-03-01,"Mining",547,2296,1997,2499,755000,460000,380451,6.4,5.9
"260",2014-03-01,"Other",10128,2296,1997,2499,755000,460000,380451,6.4,5.9
"261",2014-03-01,"Business",67359,2296,1997,2499,755000,460000,380451,6.4,5.9
"262",2014-03-01,"Public",16167,2296,1997,2499,755000,460000,380451,6.4,5.9
"263",2014-03-01,"Trade",65254,2296,1997,2499,755000,460000,380451,6.4,5.9
"264",2014-03-01,"Unclassified",1160,2296,1997,2499,755000,460000,380451,6.4,5.9
"265",2014-02-01,"Construction",19165,2311,1970,2493,7e+05,425000,379850,6.4,5.9
"266",2014-02-01,"Education",80145,2311,1970,2493,7e+05,425000,379850,6.4,5.9
"267",2014-02-01,"Finance",15766,2311,1970,2493,7e+05,425000,379850,6.4,5.9
"268",2014-02-01,"Information",10582,2311,1970,2493,7e+05,425000,379850,6.4,5.9
"269",2014-02-01,"Hospitality",38539,2311,1970,2493,7e+05,425000,379850,6.4,5.9
"270",2014-02-01,"Manufacturing",55139,2311,1970,2493,7e+05,425000,379850,6.4,5.9
"271",2014-02-01,"Mining",515,2311,1970,2493,7e+05,425000,379850,6.4,5.9
"272",2014-02-01,"Other",10074,2311,1970,2493,7e+05,425000,379850,6.4,5.9
"273",2014-02-01,"Business",67440,2311,1970,2493,7e+05,425000,379850,6.4,5.9
"274",2014-02-01,"Public",16123,2311,1970,2493,7e+05,425000,379850,6.4,5.9
"275",2014-02-01,"Trade",65221,2311,1970,2493,7e+05,425000,379850,6.4,5.9
"276",2014-02-01,"Unclassified",1141,2311,1970,2493,7e+05,425000,379850,6.4,5.9
"277",2014-01-01,"Construction",18846,2289,1962,2450,660000,420000,376212,6.4,5.9
"278",2014-01-01,"Education",78973,2289,1962,2450,660000,420000,376212,6.4,5.9
"279",2014-01-01,"Finance",15741,2289,1962,2450,660000,420000,376212,6.4,5.9
"280",2014-01-01,"Information",10522,2289,1962,2450,660000,420000,376212,6.4,5.9
"281",2014-01-01,"Hospitality",37327,2289,1962,2450,660000,420000,376212,6.4,5.9
"282",2014-01-01,"Manufacturing",54988,2289,1962,2450,660000,420000,376212,6.4,5.9
"283",2014-01-01,"Mining",472,2289,1962,2450,660000,420000,376212,6.4,5.9
"284",2014-01-01,"Other",9930,2289,1962,2450,660000,420000,376212,6.4,5.9
"285",2014-01-01,"Business",66531,2289,1962,2450,660000,420000,376212,6.4,5.9
"286",2014-01-01,"Public",16216,2289,1962,2450,660000,420000,376212,6.4,5.9
"287",2014-01-01,"Trade",65572,2289,1962,2450,660000,420000,376212,6.4,5.9
"288",2014-01-01,"Unclassified",1094,2289,1962,2450,660000,420000,376212,6.4,5.9
"289",2013-12-01,"Construction",20709,2254,1910,2422,685000,410500,384234,6.1,5.6
"290",2013-12-01,"Education",79928,2254,1910,2422,685000,410500,384234,6.1,5.6
"291",2013-12-01,"Finance",15992,2254,1910,2422,685000,410500,384234,6.1,5.6
"292",2013-12-01,"Information",10666,2254,1910,2422,685000,410500,384234,6.1,5.6
"293",2013-12-01,"Hospitality",38728,2254,1910,2422,685000,410500,384234,6.1,5.6
"294",2013-12-01,"Manufacturing",54401,2254,1910,2422,685000,410500,384234,6.1,5.6
"295",2013-12-01,"Mining",385,2254,1910,2422,685000,410500,384234,6.1,5.6
"296",2013-12-01,"Other",10091,2254,1910,2422,685000,410500,384234,6.1,5.6
"297",2013-12-01,"Business",67010,2254,1910,2422,685000,410500,384234,6.1,5.6
"298",2013-12-01,"Public",16660,2254,1910,2422,685000,410500,384234,6.1,5.6
"299",2013-12-01,"Trade",68426,2254,1910,2422,685000,410500,384234,6.1,5.6
"300",2013-12-01,"Unclassified",1238,2254,1910,2422,685000,410500,384234,6.1,5.6
"301",2013-11-01,"Construction",20333,2179,1843,2341,720000,410000,383491,6.6,6
"302",2013-11-01,"Education",80190,2179,1843,2341,720000,410000,383491,6.6,6
"303",2013-11-01,"Finance",16153,2179,1843,2341,720000,410000,383491,6.6,6
"304",2013-11-01,"Information",10622,2179,1843,2341,720000,410000,383491,6.6,6
"305",2013-11-01,"Hospitality",38686,2179,1843,2341,720000,410000,383491,6.6,6
"306",2013-11-01,"Manufacturing",54625,2179,1843,2341,720000,410000,383491,6.6,6
"307",2013-11-01,"Mining",504,2179,1843,2341,720000,410000,383491,6.6,6
"308",2013-11-01,"Other",10160,2179,1843,2341,720000,410000,383491,6.6,6
"309",2013-11-01,"Business",66593,2179,1843,2341,720000,410000,383491,6.6,6
"310",2013-11-01,"Public",16734,2179,1843,2341,720000,410000,383491,6.6,6
"311",2013-11-01,"Trade",67669,2179,1843,2341,720000,410000,383491,6.6,6
"312",2013-11-01,"Unclassified",1222,2179,1843,2341,720000,410000,383491,6.6,6
"313",2013-10-01,"Construction",20233,2193,1870,2355,689500,459500,379614,6.9,6.3
"314",2013-10-01,"Education",79694,2193,1870,2355,689500,459500,379614,6.9,6.3
"315",2013-10-01,"Finance",16129,2193,1870,2355,689500,459500,379614,6.9,6.3
"316",2013-10-01,"Information",10567,2193,1870,2355,689500,459500,379614,6.9,6.3
"317",2013-10-01,"Hospitality",38104,2193,1870,2355,689500,459500,379614,6.9,6.3
"318",2013-10-01,"Manufacturing",54637,2193,1870,2355,689500,459500,379614,6.9,6.3
"319",2013-10-01,"Mining",499,2193,1870,2355,689500,459500,379614,6.9,6.3
"320",2013-10-01,"Other",10205,2193,1870,2355,689500,459500,379614,6.9,6.3
"321",2013-10-01,"Business",65771,2193,1870,2355,689500,459500,379614,6.9,6.3
"322",2013-10-01,"Public",16682,2193,1870,2355,689500,459500,379614,6.9,6.3
"323",2013-10-01,"Trade",65938,2193,1870,2355,689500,459500,379614,6.9,6.3
"324",2013-10-01,"Unclassified",1155,2193,1870,2355,689500,459500,379614,6.9,6.3
"325",2013-09-01,"Construction",20305,2189,1844,2351,695000,431000,377819,6.9,6.3
"326",2013-09-01,"Education",77907,2189,1844,2351,695000,431000,377819,6.9,6.3
"327",2013-09-01,"Finance",15854,2189,1844,2351,695000,431000,377819,6.9,6.3
"328",2013-09-01,"Information",10685,2189,1844,2351,695000,431000,377819,6.9,6.3
"329",2013-09-01,"Hospitality",38129,2189,1844,2351,695000,431000,377819,6.9,6.3
"330",2013-09-01,"Manufacturing",54266,2189,1844,2351,695000,431000,377819,6.9,6.3
"331",2013-09-01,"Mining",549,2189,1844,2351,695000,431000,377819,6.9,6.3
"332",2013-09-01,"Other",10257,2189,1844,2351,695000,431000,377819,6.9,6.3
"333",2013-09-01,"Business",67437,2189,1844,2351,695000,431000,377819,6.9,6.3
"334",2013-09-01,"Public",16513,2189,1844,2351,695000,431000,377819,6.9,6.3
"335",2013-09-01,"Trade",65307,2189,1844,2351,695000,431000,377819,6.9,6.3
"336",2013-09-01,"Unclassified",610,2189,1844,2351,695000,431000,377819,6.9,6.3
"337",2013-08-01,"Construction",20518,2213,1902,2421,710000,445000,371702,7.2,6.6
"338",2013-08-01,"Education",71497,2213,1902,2421,710000,445000,371702,7.2,6.6
"339",2013-08-01,"Finance",16037,2213,1902,2421,710000,445000,371702,7.2,6.6
"340",2013-08-01,"Information",10797,2213,1902,2421,710000,445000,371702,7.2,6.6
"341",2013-08-01,"Hospitality",37453,2213,1902,2421,710000,445000,371702,7.2,6.6
"342",2013-08-01,"Manufacturing",54348,2213,1902,2421,710000,445000,371702,7.2,6.6
"343",2013-08-01,"Mining",561,2213,1902,2421,710000,445000,371702,7.2,6.6
"344",2013-08-01,"Other",10233,2213,1902,2421,710000,445000,371702,7.2,6.6
"345",2013-08-01,"Business",67769,2213,1902,2421,710000,445000,371702,7.2,6.6
"346",2013-08-01,"Public",16311,2213,1902,2421,710000,445000,371702,7.2,6.6
"347",2013-08-01,"Trade",65506,2213,1902,2421,710000,445000,371702,7.2,6.6
"348",2013-08-01,"Unclassified",672,2213,1902,2421,710000,445000,371702,7.2,6.6
"349",2013-07-01,"Construction",20129,2242,1923,2476,725000,434000,368379,7.6,6.9
"350",2013-07-01,"Education",68954,2242,1923,2476,725000,434000,368379,7.6,6.9
"351",2013-07-01,"Finance",16040,2242,1923,2476,725000,434000,368379,7.6,6.9
"352",2013-07-01,"Information",10802,2242,1923,2476,725000,434000,368379,7.6,6.9
"353",2013-07-01,"Hospitality",38384,2242,1923,2476,725000,434000,368379,7.6,6.9
"354",2013-07-01,"Manufacturing",54355,2242,1923,2476,725000,434000,368379,7.6,6.9
"355",2013-07-01,"Mining",583,2242,1923,2476,725000,434000,368379,7.6,6.9
"356",2013-07-01,"Other",10177,2242,1923,2476,725000,434000,368379,7.6,6.9
"357",2013-07-01,"Business",66706,2242,1923,2476,725000,434000,368379,7.6,6.9
"358",2013-07-01,"Public",16320,2242,1923,2476,725000,434000,368379,7.6,6.9
"359",2013-07-01,"Trade",65254,2242,1923,2476,725000,434000,368379,7.6,6.9
"360",2013-07-01,"Unclassified",675,2242,1923,2476,725000,434000,368379,7.6,6.9
"361",2013-06-01,"Construction",19449,2252,1900,2508,732500,434000,373498,7.5,6.8
"362",2013-06-01,"Education",76932,2252,1900,2508,732500,434000,373498,7.5,6.8
"363",2013-06-01,"Finance",16100,2252,1900,2508,732500,434000,373498,7.5,6.8
"364",2013-06-01,"Information",10874,2252,1900,2508,732500,434000,373498,7.5,6.8
"365",2013-06-01,"Hospitality",38627,2252,1900,2508,732500,434000,373498,7.5,6.8
"366",2013-06-01,"Manufacturing",53365,2252,1900,2508,732500,434000,373498,7.5,6.8
"367",2013-06-01,"Mining",447,2252,1900,2508,732500,434000,373498,7.5,6.8
"368",2013-06-01,"Other",10108,2252,1900,2508,732500,434000,373498,7.5,6.8
"369",2013-06-01,"Business",65462,2252,1900,2508,732500,434000,373498,7.5,6.8
"370",2013-06-01,"Public",16322,2252,1900,2508,732500,434000,373498,7.5,6.8
"371",2013-06-01,"Trade",64933,2252,1900,2508,732500,434000,373498,7.5,6.8
"372",2013-06-01,"Unclassified",879,2252,1900,2508,732500,434000,373498,7.5,6.8
"373",2013-05-01,"Construction",19026,2173,1865,2420,739500,435500,373714,7,6.4
"374",2013-05-01,"Education",78226,2173,1865,2420,739500,435500,373714,7,6.4
"375",2013-05-01,"Finance",16158,2173,1865,2420,739500,435500,373714,7,6.4
"376",2013-05-01,"Information",10814,2173,1865,2420,739500,435500,373714,7,6.4
"377",2013-05-01,"Hospitality",38959,2173,1865,2420,739500,435500,373714,7,6.4
"378",2013-05-01,"Manufacturing",53044,2173,1865,2420,739500,435500,373714,7,6.4
"379",2013-05-01,"Mining",452,2173,1865,2420,739500,435500,373714,7,6.4
"380",2013-05-01,"Other",10115,2173,1865,2420,739500,435500,373714,7,6.4
"381",2013-05-01,"Business",65130,2173,1865,2420,739500,435500,373714,7,6.4
"382",2013-05-01,"Public",16576,2173,1865,2420,739500,435500,373714,7,6.4
"383",2013-05-01,"Trade",64262,2173,1865,2420,739500,435500,373714,7,6.4
"384",2013-05-01,"Unclassified",952,2173,1865,2420,739500,435500,373714,7,6.4
"385",2013-04-01,"Construction",18936,2167,1847,2378,705000,414000,371305,7,6.4
"386",2013-04-01,"Education",78022,2167,1847,2378,705000,414000,371305,7,6.4
"387",2013-04-01,"Finance",15908,2167,1847,2378,705000,414000,371305,7,6.4
"388",2013-04-01,"Information",10831,2167,1847,2378,705000,414000,371305,7,6.4
"389",2013-04-01,"Hospitality",37999,2167,1847,2378,705000,414000,371305,7,6.4
"390",2013-04-01,"Manufacturing",53029,2167,1847,2378,705000,414000,371305,7,6.4
"391",2013-04-01,"Mining",443,2167,1847,2378,705000,414000,371305,7,6.4
"392",2013-04-01,"Other",9940,2167,1847,2378,705000,414000,371305,7,6.4
"393",2013-04-01,"Business",64927,2167,1847,2378,705000,414000,371305,7,6.4
"394",2013-04-01,"Public",16352,2167,1847,2378,705000,414000,371305,7,6.4
"395",2013-04-01,"Trade",63970,2167,1847,2378,705000,414000,371305,7,6.4
"396",2013-04-01,"Unclassified",948,2167,1847,2378,705000,414000,371305,7,6.4
"397",2013-03-01,"Construction",18642,2130,1796,2338,655000,386500,367632,7.6,7
"398",2013-03-01,"Education",76785,2130,1796,2338,655000,386500,367632,7.6,7
"399",2013-03-01,"Finance",15808,2130,1796,2338,655000,386500,367632,7.6,7
"400",2013-03-01,"Information",10827,2130,1796,2338,655000,386500,367632,7.6,7
"401",2013-03-01,"Hospitality",36714,2130,1796,2338,655000,386500,367632,7.6,7
"402",2013-03-01,"Manufacturing",52607,2130,1796,2338,655000,386500,367632,7.6,7
"403",2013-03-01,"Mining",403,2130,1796,2338,655000,386500,367632,7.6,7
"404",2013-03-01,"Other",9864,2130,1796,2338,655000,386500,367632,7.6,7
"405",2013-03-01,"Business",64882,2130,1796,2338,655000,386500,367632,7.6,7
"406",2013-03-01,"Public",16301,2130,1796,2338,655000,386500,367632,7.6,7
"407",2013-03-01,"Trade",63988,2130,1796,2338,655000,386500,367632,7.6,7
"408",2013-03-01,"Unclassified",811,2130,1796,2338,655000,386500,367632,7.6,7
"409",2013-02-01,"Construction",18473,2078,1742,2244,625000,370000,366757,7.8,7.2
"410",2013-02-01,"Education",76537,2078,1742,2244,625000,370000,366757,7.8,7.2
"411",2013-02-01,"Finance",15690,2078,1742,2244,625000,370000,366757,7.8,7.2
"412",2013-02-01,"Information",10801,2078,1742,2244,625000,370000,366757,7.8,7.2
"413",2013-02-01,"Hospitality",36898,2078,1742,2244,625000,370000,366757,7.8,7.2
"414",2013-02-01,"Manufacturing",52490,2078,1742,2244,625000,370000,366757,7.8,7.2
"415",2013-02-01,"Mining",420,2078,1742,2244,625000,370000,366757,7.8,7.2
"416",2013-02-01,"Other",9763,2078,1742,2244,625000,370000,366757,7.8,7.2
"417",2013-02-01,"Business",64237,2078,1742,2244,625000,370000,366757,7.8,7.2
"418",2013-02-01,"Public",16270,2078,1742,2244,625000,370000,366757,7.8,7.2
"419",2013-02-01,"Trade",64312,2078,1742,2244,625000,370000,366757,7.8,7.2
"420",2013-02-01,"Unclassified",866,2078,1742,2244,625000,370000,366757,7.8,7.2
"421",2013-01-01,"Construction",18317,2052,1745,2192,613500,369500,364389,8.3,7.6
"422",2013-01-01,"Education",76051,2052,1745,2192,613500,369500,364389,8.3,7.6
"423",2013-01-01,"Finance",15588,2052,1745,2192,613500,369500,364389,8.3,7.6
"424",2013-01-01,"Information",10747,2052,1745,2192,613500,369500,364389,8.3,7.6
"425",2013-01-01,"Hospitality",36014,2052,1745,2192,613500,369500,364389,8.3,7.6
"426",2013-01-01,"Manufacturing",52504,2052,1745,2192,613500,369500,364389,8.3,7.6
"427",2013-01-01,"Mining",432,2052,1745,2192,613500,369500,364389,8.3,7.6
"428",2013-01-01,"Other",9627,2052,1745,2192,613500,369500,364389,8.3,7.6
"429",2013-01-01,"Business",63460,2052,1745,2192,613500,369500,364389,8.3,7.6
"430",2013-01-01,"Public",16258,2052,1745,2192,613500,369500,364389,8.3,7.6
"431",2013-01-01,"Trade",64533,2052,1745,2192,613500,369500,364389,8.3,7.6
"432",2013-01-01,"Unclassified",858,2052,1745,2192,613500,369500,364389,8.3,7.6
"433",2012-12-01,"Construction",18728,2006,1723,2126,584500,352000,371132,7.8,7.1
"434",2012-12-01,"Education",67516,2006,1723,2126,584500,352000,371132,7.8,7.1
"435",2012-12-01,"Finance",16496,2006,1723,2126,584500,352000,371132,7.8,7.1
"436",2012-12-01,"Information",8309,2006,1723,2126,584500,352000,371132,7.8,7.1
"437",2012-12-01,"Hospitality",35936,2006,1723,2126,584500,352000,371132,7.8,7.1
"438",2012-12-01,"Manufacturing",54416,2006,1723,2126,584500,352000,371132,7.8,7.1
"439",2012-12-01,"Mining",408,2006,1723,2126,584500,352000,371132,7.8,7.1
"440",2012-12-01,"Other",18616,2006,1723,2126,584500,352000,371132,7.8,7.1
"441",2012-12-01,"Business",65811,2006,1723,2126,584500,352000,371132,7.8,7.1
"442",2012-12-01,"Public",16455,2006,1723,2126,584500,352000,371132,7.8,7.1
"443",2012-12-01,"Trade",67330,2006,1723,2126,584500,352000,371132,7.8,7.1
"444",2012-12-01,"Unclassified",1111,2006,1723,2126,584500,352000,371132,7.8,7.1
"445",2012-11-01,"Construction",18774,2020,1753,2142,582625,340250,368744,8,7.3
"446",2012-11-01,"Education",67577,2020,1753,2142,582625,340250,368744,8,7.3
"447",2012-11-01,"Finance",16657,2020,1753,2142,582625,340250,368744,8,7.3
"448",2012-11-01,"Information",8139,2020,1753,2142,582625,340250,368744,8,7.3
"449",2012-11-01,"Hospitality",35888,2020,1753,2142,582625,340250,368744,8,7.3
"450",2012-11-01,"Manufacturing",54272,2020,1753,2142,582625,340250,368744,8,7.3
"451",2012-11-01,"Mining",400,2020,1753,2142,582625,340250,368744,8,7.3
"452",2012-11-01,"Other",18583,2020,1753,2142,582625,340250,368744,8,7.3
"453",2012-11-01,"Business",64845,2020,1753,2142,582625,340250,368744,8,7.3
"454",2012-11-01,"Public",16639,2020,1753,2142,582625,340250,368744,8,7.3
"455",2012-11-01,"Trade",65824,2020,1753,2142,582625,340250,368744,8,7.3
"456",2012-11-01,"Unclassified",1146,2020,1753,2142,582625,340250,368744,8,7.3
"457",2012-10-01,"Construction",18752,2055,1792,2177,599000,325000,366182,8.2,7.5
"458",2012-10-01,"Education",66896,2055,1792,2177,599000,325000,366182,8.2,7.5
"459",2012-10-01,"Finance",16551,2055,1792,2177,599000,325000,366182,8.2,7.5
"460",2012-10-01,"Information",8096,2055,1792,2177,599000,325000,366182,8.2,7.5
"461",2012-10-01,"Hospitality",36286,2055,1792,2177,599000,325000,366182,8.2,7.5
"462",2012-10-01,"Manufacturing",54293,2055,1792,2177,599000,325000,366182,8.2,7.5
"463",2012-10-01,"Mining",489,2055,1792,2177,599000,325000,366182,8.2,7.5
"464",2012-10-01,"Other",18644,2055,1792,2177,599000,325000,366182,8.2,7.5
"465",2012-10-01,"Business",64389,2055,1792,2177,599000,325000,366182,8.2,7.5
"466",2012-10-01,"Public",16478,2055,1792,2177,599000,325000,366182,8.2,7.5
"467",2012-10-01,"Trade",64127,2055,1792,2177,599000,325000,366182,8.2,7.5
"468",2012-10-01,"Unclassified",1181,2055,1792,2177,599000,325000,366182,8.2,7.5
"469",2012-09-01,"Construction",18722,2086,1797,2212,570000,325000,361053,8.2,7.4
"470",2012-09-01,"Education",64848,2086,1797,2212,570000,325000,361053,8.2,7.4
"471",2012-09-01,"Finance",16378,2086,1797,2212,570000,325000,361053,8.2,7.4
"472",2012-09-01,"Information",7836,2086,1797,2212,570000,325000,361053,8.2,7.4
"473",2012-09-01,"Hospitality",36280,2086,1797,2212,570000,325000,361053,8.2,7.4
"474",2012-09-01,"Manufacturing",53585,2086,1797,2212,570000,325000,361053,8.2,7.4
"475",2012-09-01,"Mining",511,2086,1797,2212,570000,325000,361053,8.2,7.4
"476",2012-09-01,"Other",18574,2086,1797,2212,570000,325000,361053,8.2,7.4
"477",2012-09-01,"Business",62801,2086,1797,2212,570000,325000,361053,8.2,7.4
"478",2012-09-01,"Public",16343,2086,1797,2212,570000,325000,361053,8.2,7.4
"479",2012-09-01,"Trade",64034,2086,1797,2212,570000,325000,361053,8.2,7.4
"480",2012-09-01,"Unclassified",1141,2086,1797,2212,570000,325000,361053,8.2,7.4
"481",2012-08-01,"Construction",18963,2132,1832,2285,577500,335500,355344,8.9,8.1
"482",2012-08-01,"Education",59115,2132,1832,2285,577500,335500,355344,8.9,8.1
"483",2012-08-01,"Finance",16385,2132,1832,2285,577500,335500,355344,8.9,8.1
"484",2012-08-01,"Information",7832,2132,1832,2285,577500,335500,355344,8.9,8.1
"485",2012-08-01,"Hospitality",35709,2132,1832,2285,577500,335500,355344,8.9,8.1
"486",2012-08-01,"Manufacturing",53954,2132,1832,2285,577500,335500,355344,8.9,8.1
"487",2012-08-01,"Mining",460,2132,1832,2285,577500,335500,355344,8.9,8.1
"488",2012-08-01,"Other",18525,2132,1832,2285,577500,335500,355344,8.9,8.1
"489",2012-08-01,"Business",62904,2132,1832,2285,577500,335500,355344,8.9,8.1
"490",2012-08-01,"Public",16399,2132,1832,2285,577500,335500,355344,8.9,8.1
"491",2012-08-01,"Trade",63929,2132,1832,2285,577500,335500,355344,8.9,8.1
"492",2012-08-01,"Unclassified",1169,2132,1832,2285,577500,335500,355344,8.9,8.1
"493",2012-07-01,"Construction",18799,2184,1864,2340,575888,310000,352500,9.3,8.5
"494",2012-07-01,"Education",56197,2184,1864,2340,575888,310000,352500,9.3,8.5
"495",2012-07-01,"Finance",16511,2184,1864,2340,575888,310000,352500,9.3,8.5
"496",2012-07-01,"Information",7894,2184,1864,2340,575888,310000,352500,9.3,8.5
"497",2012-07-01,"Hospitality",36285,2184,1864,2340,575888,310000,352500,9.3,8.5
"498",2012-07-01,"Manufacturing",53894,2184,1864,2340,575888,310000,352500,9.3,8.5
"499",2012-07-01,"Mining",462,2184,1864,2340,575888,310000,352500,9.3,8.5
"500",2012-07-01,"Other",18570,2184,1864,2340,575888,310000,352500,9.3,8.5
"501",2012-07-01,"Business",62733,2184,1864,2340,575888,310000,352500,9.3,8.5
"502",2012-07-01,"Public",16297,2184,1864,2340,575888,310000,352500,9.3,8.5
"503",2012-07-01,"Trade",63669,2184,1864,2340,575888,310000,352500,9.3,8.5
"504",2012-07-01,"Unclassified",1189,2184,1864,2340,575888,310000,352500,9.3,8.5
"505",2012-06-01,"Construction",18800,2101,1813,2211,588444,3e+05,358868,9.1,8.3
"506",2012-06-01,"Education",65402,2101,1813,2211,588444,3e+05,358868,9.1,8.3
"507",2012-06-01,"Finance",16557,2101,1813,2211,588444,3e+05,358868,9.1,8.3
"508",2012-06-01,"Information",7624,2101,1813,2211,588444,3e+05,358868,9.1,8.3
"509",2012-06-01,"Hospitality",35663,2101,1813,2211,588444,3e+05,358868,9.1,8.3
"510",2012-06-01,"Manufacturing",53716,2101,1813,2211,588444,3e+05,358868,9.1,8.3
"511",2012-06-01,"Mining",440,2101,1813,2211,588444,3e+05,358868,9.1,8.3
"512",2012-06-01,"Other",17535,2101,1813,2211,588444,3e+05,358868,9.1,8.3
"513",2012-06-01,"Business",61747,2101,1813,2211,588444,3e+05,358868,9.1,8.3
"514",2012-06-01,"Public",16388,2101,1813,2211,588444,3e+05,358868,9.1,8.3
"515",2012-06-01,"Trade",63554,2101,1813,2211,588444,3e+05,358868,9.1,8.3
"516",2012-06-01,"Unclassified",1442,2101,1813,2211,588444,3e+05,358868,9.1,8.3
"517",2012-05-01,"Construction",18495,2074,1799,2224,545000,289500,358446,8.7,8
"518",2012-05-01,"Education",66962,2074,1799,2224,545000,289500,358446,8.7,8
"519",2012-05-01,"Finance",16250,2074,1799,2224,545000,289500,358446,8.7,8
"520",2012-05-01,"Information",7587,2074,1799,2224,545000,289500,358446,8.7,8
"521",2012-05-01,"Hospitality",35694,2074,1799,2224,545000,289500,358446,8.7,8
"522",2012-05-01,"Manufacturing",53245,2074,1799,2224,545000,289500,358446,8.7,8
"523",2012-05-01,"Mining",385,2074,1799,2224,545000,289500,358446,8.7,8
"524",2012-05-01,"Other",17497,2074,1799,2224,545000,289500,358446,8.7,8
"525",2012-05-01,"Business",61565,2074,1799,2224,545000,289500,358446,8.7,8
"526",2012-05-01,"Public",16452,2074,1799,2224,545000,289500,358446,8.7,8
"527",2012-05-01,"Trade",62834,2074,1799,2224,545000,289500,358446,8.7,8
"528",2012-05-01,"Unclassified",1480,2074,1799,2224,545000,289500,358446,8.7,8
"529",2012-04-01,"Construction",17681,2029,1758,2181,535000,280000,356321,8.7,8
"530",2012-04-01,"Education",66736,2029,1758,2181,535000,280000,356321,8.7,8
"531",2012-04-01,"Finance",16112,2029,1758,2181,535000,280000,356321,8.7,8
"532",2012-04-01,"Information",7554,2029,1758,2181,535000,280000,356321,8.7,8
"533",2012-04-01,"Hospitality",35215,2029,1758,2181,535000,280000,356321,8.7,8
"534",2012-04-01,"Manufacturing",53098,2029,1758,2181,535000,280000,356321,8.7,8
"535",2012-04-01,"Mining",390,2029,1758,2181,535000,280000,356321,8.7,8
"536",2012-04-01,"Other",17375,2029,1758,2181,535000,280000,356321,8.7,8
"537",2012-04-01,"Business",61791,2029,1758,2181,535000,280000,356321,8.7,8
"538",2012-04-01,"Public",16307,2029,1758,2181,535000,280000,356321,8.7,8
"539",2012-04-01,"Trade",62641,2029,1758,2181,535000,280000,356321,8.7,8
"540",2012-04-01,"Unclassified",1421,2029,1758,2181,535000,280000,356321,8.7,8
"541",2012-03-01,"Construction",17511,2036,1814,2121,495000,270000,352724,9.3,8.6
"542",2012-03-01,"Education",66724,2036,1814,2121,495000,270000,352724,9.3,8.6
"543",2012-03-01,"Finance",16125,2036,1814,2121,495000,270000,352724,9.3,8.6
"544",2012-03-01,"Information",7561,2036,1814,2121,495000,270000,352724,9.3,8.6
"545",2012-03-01,"Hospitality",34853,2036,1814,2121,495000,270000,352724,9.3,8.6
"546",2012-03-01,"Manufacturing",53176,2036,1814,2121,495000,270000,352724,9.3,8.6
"547",2012-03-01,"Mining",378,2036,1814,2121,495000,270000,352724,9.3,8.6
"548",2012-03-01,"Other",14764,2036,1814,2121,495000,270000,352724,9.3,8.6
"549",2012-03-01,"Business",61858,2036,1814,2121,495000,270000,352724,9.3,8.6
"550",2012-03-01,"Public",16003,2036,1814,2121,495000,270000,352724,9.3,8.6
"551",2012-03-01,"Trade",62223,2036,1814,2121,495000,270000,352724,9.3,8.6
"552",2012-03-01,"Unclassified",1548,2036,1814,2121,495000,270000,352724,9.3,8.6
"553",2012-02-01,"Construction",17413,2022,1735,2146,450000,248000,351535,9.5,8.7
"554",2012-02-01,"Education",66654,2022,1735,2146,450000,248000,351535,9.5,8.7
"555",2012-02-01,"Finance",15932,2022,1735,2146,450000,248000,351535,9.5,8.7
"556",2012-02-01,"Information",7544,2022,1735,2146,450000,248000,351535,9.5,8.7
"557",2012-02-01,"Hospitality",34569,2022,1735,2146,450000,248000,351535,9.5,8.7
"558",2012-02-01,"Manufacturing",53152,2022,1735,2146,450000,248000,351535,9.5,8.7
"559",2012-02-01,"Mining",423,2022,1735,2146,450000,248000,351535,9.5,8.7
"560",2012-02-01,"Other",14953,2022,1735,2146,450000,248000,351535,9.5,8.7
"561",2012-02-01,"Business",61326,2022,1735,2146,450000,248000,351535,9.5,8.7
"562",2012-02-01,"Public",15912,2022,1735,2146,450000,248000,351535,9.5,8.7
"563",2012-02-01,"Trade",62193,2022,1735,2146,450000,248000,351535,9.5,8.7
"564",2012-02-01,"Unclassified",1464,2022,1735,2146,450000,248000,351535,9.5,8.7
"565",2012-01-01,"Construction",17278,1989,1688,2142,437500,249000,348775,9.6,8.8
"566",2012-01-01,"Education",65363,1989,1688,2142,437500,249000,348775,9.6,8.8
"567",2012-01-01,"Finance",15971,1989,1688,2142,437500,249000,348775,9.6,8.8
"568",2012-01-01,"Information",7474,1989,1688,2142,437500,249000,348775,9.6,8.8
"569",2012-01-01,"Hospitality",34036,1989,1688,2142,437500,249000,348775,9.6,8.8
"570",2012-01-01,"Manufacturing",53109,1989,1688,2142,437500,249000,348775,9.6,8.8
"571",2012-01-01,"Mining",445,1989,1688,2142,437500,249000,348775,9.6,8.8
"572",2012-01-01,"Other",14695,1989,1688,2142,437500,249000,348775,9.6,8.8
"573",2012-01-01,"Business",60459,1989,1688,2142,437500,249000,348775,9.6,8.8
"574",2012-01-01,"Public",15969,1989,1688,2142,437500,249000,348775,9.6,8.8
"575",2012-01-01,"Trade",62595,1989,1688,2142,437500,249000,348775,9.6,8.8
"576",2012-01-01,"Unclassified",1381,1989,1688,2142,437500,249000,348775,9.6,8.8
"577",2011-12-01,"Construction",17478,1902,1630,2055,474500,247900,353265,9.4,8.6
"578",2011-12-01,"Education",65454,1902,1630,2055,474500,247900,353265,9.4,8.6
"579",2011-12-01,"Finance",15750,1902,1630,2055,474500,247900,353265,9.4,8.6
"580",2011-12-01,"Information",7602,1902,1630,2055,474500,247900,353265,9.4,8.6
"581",2011-12-01,"Hospitality",34215,1902,1630,2055,474500,247900,353265,9.4,8.6
"582",2011-12-01,"Manufacturing",54620,1902,1630,2055,474500,247900,353265,9.4,8.6
"583",2011-12-01,"Mining",515,1902,1630,2055,474500,247900,353265,9.4,8.6
"584",2011-12-01,"Other",14741,1902,1630,2055,474500,247900,353265,9.4,8.6
"585",2011-12-01,"Business",61471,1902,1630,2055,474500,247900,353265,9.4,8.6
"586",2011-12-01,"Public",16041,1902,1630,2055,474500,247900,353265,9.4,8.6
"587",2011-12-01,"Trade",63872,1902,1630,2055,474500,247900,353265,9.4,8.6
"588",2011-12-01,"Unclassified",1506,1902,1630,2055,474500,247900,353265,9.4,8.6
"589",2011-11-01,"Construction",17584,1905,1655,2053,478500,243319,352889,9.7,8.9
"590",2011-11-01,"Education",65626,1905,1655,2053,478500,243319,352889,9.7,8.9
"591",2011-11-01,"Finance",15760,1905,1655,2053,478500,243319,352889,9.7,8.9
"592",2011-11-01,"Information",7579,1905,1655,2053,478500,243319,352889,9.7,8.9
"593",2011-11-01,"Hospitality",34230,1905,1655,2053,478500,243319,352889,9.7,8.9
"594",2011-11-01,"Manufacturing",54492,1905,1655,2053,478500,243319,352889,9.7,8.9
"595",2011-11-01,"Mining",527,1905,1655,2053,478500,243319,352889,9.7,8.9
"596",2011-11-01,"Other",15457,1905,1655,2053,478500,243319,352889,9.7,8.9
"597",2011-11-01,"Business",61042,1905,1655,2053,478500,243319,352889,9.7,8.9
"598",2011-11-01,"Public",16150,1905,1655,2053,478500,243319,352889,9.7,8.9
"599",2011-11-01,"Trade",62970,1905,1655,2053,478500,243319,352889,9.7,8.9
"600",2011-11-01,"Unclassified",1472,1905,1655,2053,478500,243319,352889,9.7,8.9
"601",2011-10-01,"Construction",17695,1940,1671,2079,485000,260000,350845,10,9.1
"602",2011-10-01,"Education",65240,1940,1671,2079,485000,260000,350845,10,9.1
"603",2011-10-01,"Finance",15533,1940,1671,2079,485000,260000,350845,10,9.1
"604",2011-10-01,"Information",7606,1940,1671,2079,485000,260000,350845,10,9.1
"605",2011-10-01,"Hospitality",34542,1940,1671,2079,485000,260000,350845,10,9.1
"606",2011-10-01,"Manufacturing",54610,1940,1671,2079,485000,260000,350845,10,9.1
"607",2011-10-01,"Mining",556,1940,1671,2079,485000,260000,350845,10,9.1
"608",2011-10-01,"Other",14905,1940,1671,2079,485000,260000,350845,10,9.1
"609",2011-10-01,"Business",61016,1940,1671,2079,485000,260000,350845,10,9.1
"610",2011-10-01,"Public",16193,1940,1671,2079,485000,260000,350845,10,9.1
"611",2011-10-01,"Trade",61479,1940,1671,2079,485000,260000,350845,10,9.1
"612",2011-10-01,"Unclassified",1470,1940,1671,2079,485000,260000,350845,10,9.1
"613",2011-09-01,"Construction",17941,1959,1646,2116,481500,262500,348844,10.2,9.3
"614",2011-09-01,"Education",62829,1959,1646,2116,481500,262500,348844,10.2,9.3
"615",2011-09-01,"Finance",15403,1959,1646,2116,481500,262500,348844,10.2,9.3
"616",2011-09-01,"Information",8247,1959,1646,2116,481500,262500,348844,10.2,9.3
"617",2011-09-01,"Hospitality",34227,1959,1646,2116,481500,262500,348844,10.2,9.3
"618",2011-09-01,"Manufacturing",55204,1959,1646,2116,481500,262500,348844,10.2,9.3
"619",2011-09-01,"Mining",520,1959,1646,2116,481500,262500,348844,10.2,9.3
"620",2011-09-01,"Other",15110,1959,1646,2116,481500,262500,348844,10.2,9.3
"621",2011-09-01,"Business",60915,1959,1646,2116,481500,262500,348844,10.2,9.3
"622",2011-09-01,"Public",16225,1959,1646,2116,481500,262500,348844,10.2,9.3
"623",2011-09-01,"Trade",61140,1959,1646,2116,481500,262500,348844,10.2,9.3
"624",2011-09-01,"Unclassified",1083,1959,1646,2116,481500,262500,348844,10.2,9.3
"625",2011-08-01,"Construction",17754,1825,1534,1987,5e+05,255000,344896,10.4,9.5
"626",2011-08-01,"Education",56486,1825,1534,1987,5e+05,255000,344896,10.4,9.5
"627",2011-08-01,"Finance",15449,1825,1534,1987,5e+05,255000,344896,10.4,9.5
"628",2011-08-01,"Information",8430,1825,1534,1987,5e+05,255000,344896,10.4,9.5
"629",2011-08-01,"Hospitality",34369,1825,1534,1987,5e+05,255000,344896,10.4,9.5
"630",2011-08-01,"Manufacturing",56701,1825,1534,1987,5e+05,255000,344896,10.4,9.5
"631",2011-08-01,"Mining",450,1825,1534,1987,5e+05,255000,344896,10.4,9.5
"632",2011-08-01,"Other",15400,1825,1534,1987,5e+05,255000,344896,10.4,9.5
"633",2011-08-01,"Business",61388,1825,1534,1987,5e+05,255000,344896,10.4,9.5
"634",2011-08-01,"Public",16249,1825,1534,1987,5e+05,255000,344896,10.4,9.5
"635",2011-08-01,"Trade",61118,1825,1534,1987,5e+05,255000,344896,10.4,9.5
"636",2011-08-01,"Unclassified",1102,1825,1534,1987,5e+05,255000,344896,10.4,9.5
"637",2011-07-01,"Construction",17667,1633,1351,1851,525000,243000,343046,10.7,9.8
"638",2011-07-01,"Education",55148,1633,1351,1851,525000,243000,343046,10.7,9.8
"639",2011-07-01,"Finance",15471,1633,1351,1851,525000,243000,343046,10.7,9.8
"640",2011-07-01,"Information",8402,1633,1351,1851,525000,243000,343046,10.7,9.8
"641",2011-07-01,"Hospitality",34271,1633,1351,1851,525000,243000,343046,10.7,9.8
"642",2011-07-01,"Manufacturing",56905,1633,1351,1851,525000,243000,343046,10.7,9.8
"643",2011-07-01,"Mining",522,1633,1351,1851,525000,243000,343046,10.7,9.8
"644",2011-07-01,"Other",15265,1633,1351,1851,525000,243000,343046,10.7,9.8
"645",2011-07-01,"Business",61064,1633,1351,1851,525000,243000,343046,10.7,9.8
"646",2011-07-01,"Public",16285,1633,1351,1851,525000,243000,343046,10.7,9.8
"647",2011-07-01,"Trade",60924,1633,1351,1851,525000,243000,343046,10.7,9.8
"648",2011-07-01,"Unclassified",1122,1633,1351,1851,525000,243000,343046,10.7,9.8
"649",2011-06-01,"Construction",16982,1633,1354,1882,520000,265000,350430,10.7,9.8
"650",2011-06-01,"Education",64217,1633,1354,1882,520000,265000,350430,10.7,9.8
"651",2011-06-01,"Finance",15393,1633,1354,1882,520000,265000,350430,10.7,9.8
"652",2011-06-01,"Information",8369,1633,1354,1882,520000,265000,350430,10.7,9.8
"653",2011-06-01,"Hospitality",34007,1633,1354,1882,520000,265000,350430,10.7,9.8
"654",2011-06-01,"Manufacturing",57714,1633,1354,1882,520000,265000,350430,10.7,9.8
"655",2011-06-01,"Mining",480,1633,1354,1882,520000,265000,350430,10.7,9.8
"656",2011-06-01,"Other",14383,1633,1354,1882,520000,265000,350430,10.7,9.8
"657",2011-06-01,"Business",60538,1633,1354,1882,520000,265000,350430,10.7,9.8
"658",2011-06-01,"Public",16523,1633,1354,1882,520000,265000,350430,10.7,9.8
"659",2011-06-01,"Trade",60403,1633,1354,1882,520000,265000,350430,10.7,9.8
"660",2011-06-01,"Unclassified",1421,1633,1354,1882,520000,265000,350430,10.7,9.8
"661",2011-05-01,"Construction",16432,1679,1397,1924,5e+05,250000,350911,10.1,9.3
"662",2011-05-01,"Education",65913,1679,1397,1924,5e+05,250000,350911,10.1,9.3
"663",2011-05-01,"Finance",15242,1679,1397,1924,5e+05,250000,350911,10.1,9.3
"664",2011-05-01,"Information",8372,1679,1397,1924,5e+05,250000,350911,10.1,9.3
"665",2011-05-01,"Hospitality",34193,1679,1397,1924,5e+05,250000,350911,10.1,9.3
"666",2011-05-01,"Manufacturing",57219,1679,1397,1924,5e+05,250000,350911,10.1,9.3
"667",2011-05-01,"Mining",466,1679,1397,1924,5e+05,250000,350911,10.1,9.3
"668",2011-05-01,"Other",14876,1679,1397,1924,5e+05,250000,350911,10.1,9.3
"669",2011-05-01,"Business",60183,1679,1397,1924,5e+05,250000,350911,10.1,9.3
"670",2011-05-01,"Public",16775,1679,1397,1924,5e+05,250000,350911,10.1,9.3
"671",2011-05-01,"Trade",59826,1679,1397,1924,5e+05,250000,350911,10.1,9.3
"672",2011-05-01,"Unclassified",1414,1679,1397,1924,5e+05,250000,350911,10.1,9.3
"673",2011-04-01,"Construction",16353,1758,1513,1969,485000,240750,349521,10.3,9.4
"674",2011-04-01,"Education",65518,1758,1513,1969,485000,240750,349521,10.3,9.4
"675",2011-04-01,"Finance",15209,1758,1513,1969,485000,240750,349521,10.3,9.4
"676",2011-04-01,"Information",8395,1758,1513,1969,485000,240750,349521,10.3,9.4
"677",2011-04-01,"Hospitality",33845,1758,1513,1969,485000,240750,349521,10.3,9.4
"678",2011-04-01,"Manufacturing",57077,1758,1513,1969,485000,240750,349521,10.3,9.4
"679",2011-04-01,"Mining",453,1758,1513,1969,485000,240750,349521,10.3,9.4
"680",2011-04-01,"Other",14463,1758,1513,1969,485000,240750,349521,10.3,9.4
"681",2011-04-01,"Business",60371,1758,1513,1969,485000,240750,349521,10.3,9.4
"682",2011-04-01,"Public",16799,1758,1513,1969,485000,240750,349521,10.3,9.4
"683",2011-04-01,"Trade",59654,1758,1513,1969,485000,240750,349521,10.3,9.4
"684",2011-04-01,"Unclassified",1384,1758,1513,1969,485000,240750,349521,10.3,9.4
"685",2011-03-01,"Construction",16650,1786,1480,2038,480000,245000,349041,10.7,9.8
"686",2011-03-01,"Education",65129,1786,1480,2038,480000,245000,349041,10.7,9.8
"687",2011-03-01,"Finance",15244,1786,1480,2038,480000,245000,349041,10.7,9.8
"688",2011-03-01,"Information",8430,1786,1480,2038,480000,245000,349041,10.7,9.8
"689",2011-03-01,"Hospitality",33753,1786,1480,2038,480000,245000,349041,10.7,9.8
"690",2011-03-01,"Manufacturing",57755,1786,1480,2038,480000,245000,349041,10.7,9.8
"691",2011-03-01,"Mining",456,1786,1480,2038,480000,245000,349041,10.7,9.8
"692",2011-03-01,"Other",13781,1786,1480,2038,480000,245000,349041,10.7,9.8
"693",2011-03-01,"Business",60032,1786,1480,2038,480000,245000,349041,10.7,9.8
"694",2011-03-01,"Public",16881,1786,1480,2038,480000,245000,349041,10.7,9.8
"695",2011-03-01,"Trade",59538,1786,1480,2038,480000,245000,349041,10.7,9.8
"696",2011-03-01,"Unclassified",1392,1786,1480,2038,480000,245000,349041,10.7,9.8
"697",2011-02-01,"Construction",16357,1733,1470,1951,455000,246500,349128,10.8,10
"698",2011-02-01,"Education",65052,1733,1470,1951,455000,246500,349128,10.8,10
"699",2011-02-01,"Finance",15185,1733,1470,1951,455000,246500,349128,10.8,10
"700",2011-02-01,"Information",8430,1733,1470,1951,455000,246500,349128,10.8,10
"701",2011-02-01,"Hospitality",33461,1733,1470,1951,455000,246500,349128,10.8,10
"702",2011-02-01,"Manufacturing",57599,1733,1470,1951,455000,246500,349128,10.8,10
"703",2011-02-01,"Mining",509,1733,1470,1951,455000,246500,349128,10.8,10
"704",2011-02-01,"Other",14414,1733,1470,1951,455000,246500,349128,10.8,10
"705",2011-02-01,"Business",60103,1733,1470,1951,455000,246500,349128,10.8,10
"706",2011-02-01,"Public",16981,1733,1470,1951,455000,246500,349128,10.8,10
"707",2011-02-01,"Trade",59651,1733,1470,1951,455000,246500,349128,10.8,10
"708",2011-02-01,"Unclassified",1386,1733,1470,1951,455000,246500,349128,10.8,10
"709",2011-01-01,"Construction",16431,1742,1467,1926,461800,222500,347413,11.1,10.2
"710",2011-01-01,"Education",64238,1742,1467,1926,461800,222500,347413,11.1,10.2
"711",2011-01-01,"Finance",15058,1742,1467,1926,461800,222500,347413,11.1,10.2
"712",2011-01-01,"Information",8428,1742,1467,1926,461800,222500,347413,11.1,10.2
"713",2011-01-01,"Hospitality",32756,1742,1467,1926,461800,222500,347413,11.1,10.2
"714",2011-01-01,"Manufacturing",57684,1742,1467,1926,461800,222500,347413,11.1,10.2
"715",2011-01-01,"Mining",504,1742,1467,1926,461800,222500,347413,11.1,10.2
"716",2011-01-01,"Other",13954,1742,1467,1926,461800,222500,347413,11.1,10.2
"717",2011-01-01,"Business",59761,1742,1467,1926,461800,222500,347413,11.1,10.2
"718",2011-01-01,"Public",17195,1742,1467,1926,461800,222500,347413,11.1,10.2
"719",2011-01-01,"Trade",60159,1742,1467,1926,461800,222500,347413,11.1,10.2
"720",2011-01-01,"Unclassified",1245,1742,1467,1926,461800,222500,347413,11.1,10.2
"721",2010-12-01,"Construction",17130,1774,1457,1988,478000,265000,351215,10.7,9.8
"722",2010-12-01,"Education",64317,1774,1457,1988,478000,265000,351215,10.7,9.8
"723",2010-12-01,"Finance",15957,1774,1457,1988,478000,265000,351215,10.7,9.8
"724",2010-12-01,"Information",8359,1774,1457,1988,478000,265000,351215,10.7,9.8
"725",2010-12-01,"Hospitality",33187,1774,1457,1988,478000,265000,351215,10.7,9.8
"726",2010-12-01,"Manufacturing",57640,1774,1457,1988,478000,265000,351215,10.7,9.8
"727",2010-12-01,"Mining",493,1774,1457,1988,478000,265000,351215,10.7,9.8
"728",2010-12-01,"Other",14810,1774,1457,1988,478000,265000,351215,10.7,9.8
"729",2010-12-01,"Business",59038,1774,1457,1988,478000,265000,351215,10.7,9.8
"730",2010-12-01,"Public",17425,1774,1457,1988,478000,265000,351215,10.7,9.8
"731",2010-12-01,"Trade",61838,1774,1457,1988,478000,265000,351215,10.7,9.8
"732",2010-12-01,"Unclassified",1021,1774,1457,1988,478000,265000,351215,10.7,9.8
"733",2010-11-01,"Construction",17290,1742,1467,1957,486000,250000,350520,11.3,10.3
"734",2010-11-01,"Education",64679,1742,1467,1957,486000,250000,350520,11.3,10.3
"735",2010-11-01,"Finance",16012,1742,1467,1957,486000,250000,350520,11.3,10.3
"736",2010-11-01,"Information",8354,1742,1467,1957,486000,250000,350520,11.3,10.3
"737",2010-11-01,"Hospitality",32738,1742,1467,1957,486000,250000,350520,11.3,10.3
"738",2010-11-01,"Manufacturing",57520,1742,1467,1957,486000,250000,350520,11.3,10.3
"739",2010-11-01,"Mining",535,1742,1467,1957,486000,250000,350520,11.3,10.3
"740",2010-11-01,"Other",15413,1742,1467,1957,486000,250000,350520,11.3,10.3
"741",2010-11-01,"Business",58545,1742,1467,1957,486000,250000,350520,11.3,10.3
"742",2010-11-01,"Public",17460,1742,1467,1957,486000,250000,350520,11.3,10.3
"743",2010-11-01,"Trade",61010,1742,1467,1957,486000,250000,350520,11.3,10.3
"744",2010-11-01,"Unclassified",964,1742,1467,1957,486000,250000,350520,11.3,10.3
"745",2010-10-01,"Construction",17688,1606,1347,1716,517500,262500,347371,11.1,10.1
"746",2010-10-01,"Education",64094,1606,1347,1716,517500,262500,347371,11.1,10.1
"747",2010-10-01,"Finance",15731,1606,1347,1716,517500,262500,347371,11.1,10.1
"748",2010-10-01,"Information",8280,1606,1347,1716,517500,262500,347371,11.1,10.1
"749",2010-10-01,"Hospitality",32570,1606,1347,1716,517500,262500,347371,11.1,10.1
"750",2010-10-01,"Manufacturing",57319,1606,1347,1716,517500,262500,347371,11.1,10.1
"751",2010-10-01,"Mining",559,1606,1347,1716,517500,262500,347371,11.1,10.1
"752",2010-10-01,"Other",15029,1606,1347,1716,517500,262500,347371,11.1,10.1
"753",2010-10-01,"Business",58491,1606,1347,1716,517500,262500,347371,11.1,10.1
"754",2010-10-01,"Public",17455,1606,1347,1716,517500,262500,347371,11.1,10.1
"755",2010-10-01,"Trade",59260,1606,1347,1716,517500,262500,347371,11.1,10.1
"756",2010-10-01,"Unclassified",895,1606,1347,1716,517500,262500,347371,11.1,10.1
"757",2010-09-01,"Construction",17636,1614,1330,1708,510000,270000,343834,11.2,10.2
"758",2010-09-01,"Education",61319,1614,1330,1708,510000,270000,343834,11.2,10.2
"759",2010-09-01,"Finance",15265,1614,1330,1708,510000,270000,343834,11.2,10.2
"760",2010-09-01,"Information",8535,1614,1330,1708,510000,270000,343834,11.2,10.2
"761",2010-09-01,"Hospitality",32826,1614,1330,1708,510000,270000,343834,11.2,10.2
"762",2010-09-01,"Manufacturing",56797,1614,1330,1708,510000,270000,343834,11.2,10.2
"763",2010-09-01,"Mining",499,1614,1330,1708,510000,270000,343834,11.2,10.2
"764",2010-09-01,"Other",15502,1614,1330,1708,510000,270000,343834,11.2,10.2
"765",2010-09-01,"Business",58568,1614,1330,1708,510000,270000,343834,11.2,10.2
"766",2010-09-01,"Public",17342,1614,1330,1708,510000,270000,343834,11.2,10.2
"767",2010-09-01,"Trade",58946,1614,1330,1708,510000,270000,343834,11.2,10.2
"768",2010-09-01,"Unclassified",599,1614,1330,1708,510000,270000,343834,11.2,10.2
"769",2010-08-01,"Construction",17598,1651,1342,1729,550000,3e+05,339639,11.6,10.5
"770",2010-08-01,"Education",55901,1651,1342,1729,550000,3e+05,339639,11.6,10.5
"771",2010-08-01,"Finance",15382,1651,1342,1729,550000,3e+05,339639,11.6,10.5
"772",2010-08-01,"Information",8591,1651,1342,1729,550000,3e+05,339639,11.6,10.5
"773",2010-08-01,"Hospitality",32877,1651,1342,1729,550000,3e+05,339639,11.6,10.5
"774",2010-08-01,"Manufacturing",56891,1651,1342,1729,550000,3e+05,339639,11.6,10.5
"775",2010-08-01,"Mining",507,1651,1342,1729,550000,3e+05,339639,11.6,10.5
"776",2010-08-01,"Other",15662,1651,1342,1729,550000,3e+05,339639,11.6,10.5
"777",2010-08-01,"Business",58575,1651,1342,1729,550000,3e+05,339639,11.6,10.5
"778",2010-08-01,"Public",17968,1651,1342,1729,550000,3e+05,339639,11.6,10.5
"779",2010-08-01,"Trade",59067,1651,1342,1729,550000,3e+05,339639,11.6,10.5
"780",2010-08-01,"Unclassified",620,1651,1342,1729,550000,3e+05,339639,11.6,10.5
"781",2010-07-01,"Construction",17638,1672,1354,1744,534944,270000,337061,11.8,10.7
"782",2010-07-01,"Education",53934,1672,1354,1744,534944,270000,337061,11.8,10.7
"783",2010-07-01,"Finance",15218,1672,1354,1744,534944,270000,337061,11.8,10.7
"784",2010-07-01,"Information",8634,1672,1354,1744,534944,270000,337061,11.8,10.7
"785",2010-07-01,"Hospitality",33009,1672,1354,1744,534944,270000,337061,11.8,10.7
"786",2010-07-01,"Manufacturing",56564,1672,1354,1744,534944,270000,337061,11.8,10.7
"787",2010-07-01,"Mining",491,1672,1354,1744,534944,270000,337061,11.8,10.7
"788",2010-07-01,"Other",15448,1672,1354,1744,534944,270000,337061,11.8,10.7
"789",2010-07-01,"Business",58624,1672,1354,1744,534944,270000,337061,11.8,10.7
"790",2010-07-01,"Public",18163,1672,1354,1744,534944,270000,337061,11.8,10.7
"791",2010-07-01,"Trade",58717,1672,1354,1744,534944,270000,337061,11.8,10.7
"792",2010-07-01,"Unclassified",621,1672,1354,1744,534944,270000,337061,11.8,10.7
"793",2010-06-01,"Construction",17342,1654,1347,1760,523500,307500,344972,11.6,10.6
"794",2010-06-01,"Education",65091,1654,1347,1760,523500,307500,344972,11.6,10.6
"795",2010-06-01,"Finance",15789,1654,1347,1760,523500,307500,344972,11.6,10.6
"796",2010-06-01,"Information",8568,1654,1347,1760,523500,307500,344972,11.6,10.6
"797",2010-06-01,"Hospitality",32713,1654,1347,1760,523500,307500,344972,11.6,10.6
"798",2010-06-01,"Manufacturing",55511,1654,1347,1760,523500,307500,344972,11.6,10.6
"799",2010-06-01,"Mining",513,1654,1347,1760,523500,307500,344972,11.6,10.6
"800",2010-06-01,"Other",14828,1654,1347,1760,523500,307500,344972,11.6,10.6
"801",2010-06-01,"Business",57753,1654,1347,1760,523500,307500,344972,11.6,10.6
"802",2010-06-01,"Public",17640,1654,1347,1760,523500,307500,344972,11.6,10.6
"803",2010-06-01,"Trade",58568,1654,1347,1760,523500,307500,344972,11.6,10.6
"804",2010-06-01,"Unclassified",656,1654,1347,1760,523500,307500,344972,11.6,10.6
"805",2010-05-01,"Construction",16951,1643,1340,1764,550000,327000,345791,11.3,10.3
"806",2010-05-01,"Education",66067,1643,1340,1764,550000,327000,345791,11.3,10.3
"807",2010-05-01,"Finance",15728,1643,1340,1764,550000,327000,345791,11.3,10.3
"808",2010-05-01,"Information",8581,1643,1340,1764,550000,327000,345791,11.3,10.3
"809",2010-05-01,"Hospitality",33475,1643,1340,1764,550000,327000,345791,11.3,10.3
"810",2010-05-01,"Manufacturing",54823,1643,1340,1764,550000,327000,345791,11.3,10.3
"811",2010-05-01,"Mining",484,1643,1340,1764,550000,327000,345791,11.3,10.3
"812",2010-05-01,"Other",15229,1643,1340,1764,550000,327000,345791,11.3,10.3
"813",2010-05-01,"Business",57729,1643,1340,1764,550000,327000,345791,11.3,10.3
"814",2010-05-01,"Public",17586,1643,1340,1764,550000,327000,345791,11.3,10.3
"815",2010-05-01,"Trade",58447,1643,1340,1764,550000,327000,345791,11.3,10.3
"816",2010-05-01,"Unclassified",691,1643,1340,1764,550000,327000,345791,11.3,10.3
"817",2010-04-01,"Construction",16804,1649,1332,1766,518500,261000,343692,11.6,10.6
"818",2010-04-01,"Education",65850,1649,1332,1766,518500,261000,343692,11.6,10.6
"819",2010-04-01,"Finance",15670,1649,1332,1766,518500,261000,343692,11.6,10.6
"820",2010-04-01,"Information",8637,1649,1332,1766,518500,261000,343692,11.6,10.6
"821",2010-04-01,"Hospitality",32977,1649,1332,1766,518500,261000,343692,11.6,10.6
"822",2010-04-01,"Manufacturing",54362,1649,1332,1766,518500,261000,343692,11.6,10.6
"823",2010-04-01,"Mining",491,1649,1332,1766,518500,261000,343692,11.6,10.6
"824",2010-04-01,"Other",14689,1649,1332,1766,518500,261000,343692,11.6,10.6
"825",2010-04-01,"Business",57796,1649,1332,1766,518500,261000,343692,11.6,10.6
"826",2010-04-01,"Public",17467,1649,1332,1766,518500,261000,343692,11.6,10.6
"827",2010-04-01,"Trade",58291,1649,1332,1766,518500,261000,343692,11.6,10.6
"828",2010-04-01,"Unclassified",658,1649,1332,1766,518500,261000,343692,11.6,10.6
"829",2010-03-01,"Construction",16482,1645,1330,1778,510000,319000,341450,12.2,11.1
"830",2010-03-01,"Education",65363,1645,1330,1778,510000,319000,341450,12.2,11.1
"831",2010-03-01,"Finance",15518,1645,1330,1778,510000,319000,341450,12.2,11.1
"832",2010-03-01,"Information",8597,1645,1330,1778,510000,319000,341450,12.2,11.1
"833",2010-03-01,"Hospitality",32576,1645,1330,1778,510000,319000,341450,12.2,11.1
"834",2010-03-01,"Manufacturing",54285,1645,1330,1778,510000,319000,341450,12.2,11.1
"835",2010-03-01,"Mining",586,1645,1330,1778,510000,319000,341450,12.2,11.1
"836",2010-03-01,"Other",14615,1645,1330,1778,510000,319000,341450,12.2,11.1
"837",2010-03-01,"Business",56833,1645,1330,1778,510000,319000,341450,12.2,11.1
"838",2010-03-01,"Public",17412,1645,1330,1778,510000,319000,341450,12.2,11.1
"839",2010-03-01,"Trade",58441,1645,1330,1778,510000,319000,341450,12.2,11.1
"840",2010-03-01,"Unclassified",742,1645,1330,1778,510000,319000,341450,12.2,11.1
"841",2010-02-01,"Construction",16344,1658,1317,1802,485000,285000,340652,12.1,11.1
"842",2010-02-01,"Education",65098,1658,1317,1802,485000,285000,340652,12.1,11.1
"843",2010-02-01,"Finance",15258,1658,1317,1802,485000,285000,340652,12.1,11.1
"844",2010-02-01,"Information",8624,1658,1317,1802,485000,285000,340652,12.1,11.1
"845",2010-02-01,"Hospitality",32286,1658,1317,1802,485000,285000,340652,12.1,11.1
"846",2010-02-01,"Manufacturing",54278,1658,1317,1802,485000,285000,340652,12.1,11.1
"847",2010-02-01,"Mining",611,1658,1317,1802,485000,285000,340652,12.1,11.1
"848",2010-02-01,"Other",14739,1658,1317,1802,485000,285000,340652,12.1,11.1
"849",2010-02-01,"Business",56782,1658,1317,1802,485000,285000,340652,12.1,11.1
"850",2010-02-01,"Public",17419,1658,1317,1802,485000,285000,340652,12.1,11.1
"851",2010-02-01,"Trade",58450,1658,1317,1802,485000,285000,340652,12.1,11.1
"852",2010-02-01,"Unclassified",763,1658,1317,1802,485000,285000,340652,12.1,11.1
"853",2010-01-01,"Construction",16495,1677,1325,1818,481000,270000,339833,12.3,11.2
"854",2010-01-01,"Education",64445,1677,1325,1818,481000,270000,339833,12.3,11.2
"855",2010-01-01,"Finance",15350,1677,1325,1818,481000,270000,339833,12.3,11.2
"856",2010-01-01,"Information",8730,1677,1325,1818,481000,270000,339833,12.3,11.2
"857",2010-01-01,"Hospitality",31653,1677,1325,1818,481000,270000,339833,12.3,11.2
"858",2010-01-01,"Manufacturing",54141,1677,1325,1818,481000,270000,339833,12.3,11.2
"859",2010-01-01,"Mining",630,1677,1325,1818,481000,270000,339833,12.3,11.2
"860",2010-01-01,"Other",14381,1677,1325,1818,481000,270000,339833,12.3,11.2
"861",2010-01-01,"Business",56657,1677,1325,1818,481000,270000,339833,12.3,11.2
"862",2010-01-01,"Public",17598,1677,1325,1818,481000,270000,339833,12.3,11.2
"863",2010-01-01,"Trade",58994,1677,1325,1818,481000,270000,339833,12.3,11.2
"864",2010-01-01,"Unclassified",759,1677,1325,1818,481000,270000,339833,12.3,11.2
"865",2009-12-01,"Construction",16901,1698,1330,1828,490000,290000,349253,11.9,11
"866",2009-12-01,"Education",65257,1698,1330,1828,490000,290000,349253,11.9,11
"867",2009-12-01,"Finance",16033,1698,1330,1828,490000,290000,349253,11.9,11
"868",2009-12-01,"Information",8858,1698,1330,1828,490000,290000,349253,11.9,11
"869",2009-12-01,"Hospitality",31760,1698,1330,1828,490000,290000,349253,11.9,11
"870",2009-12-01,"Manufacturing",55735,1698,1330,1828,490000,290000,349253,11.9,11
"871",2009-12-01,"Mining",461,1698,1330,1828,490000,290000,349253,11.9,11
"872",2009-12-01,"Other",15972,1698,1330,1828,490000,290000,349253,11.9,11
"873",2009-12-01,"Business",58412,1698,1330,1828,490000,290000,349253,11.9,11
"874",2009-12-01,"Public",17755,1698,1330,1828,490000,290000,349253,11.9,11
"875",2009-12-01,"Trade",60768,1698,1330,1828,490000,290000,349253,11.9,11
"876",2009-12-01,"Unclassified",1341,1698,1330,1828,490000,290000,349253,11.9,11
"877",2009-11-01,"Construction",17101,1683,1332,1831,515000,285500,348388,12.2,11.1
"878",2009-11-01,"Education",65434,1683,1332,1831,515000,285500,348388,12.2,11.1
"879",2009-11-01,"Finance",16092,1683,1332,1831,515000,285500,348388,12.2,11.1
"880",2009-11-01,"Information",8848,1683,1332,1831,515000,285500,348388,12.2,11.1
"881",2009-11-01,"Hospitality",31358,1683,1332,1831,515000,285500,348388,12.2,11.1
"882",2009-11-01,"Manufacturing",55409,1683,1332,1831,515000,285500,348388,12.2,11.1
"883",2009-11-01,"Mining",440,1683,1332,1831,515000,285500,348388,12.2,11.1
"884",2009-11-01,"Other",16281,1683,1332,1831,515000,285500,348388,12.2,11.1
"885",2009-11-01,"Business",58179,1683,1332,1831,515000,285500,348388,12.2,11.1
"886",2009-11-01,"Public",17736,1683,1332,1831,515000,285500,348388,12.2,11.1
"887",2009-11-01,"Trade",60226,1683,1332,1831,515000,285500,348388,12.2,11.1
"888",2009-11-01,"Unclassified",1284,1683,1332,1831,515000,285500,348388,12.2,11.1
"889",2009-10-01,"Construction",17103,1673,1331,1855,520000,280000,346699,12.4,11.2
"890",2009-10-01,"Education",64807,1673,1331,1855,520000,280000,346699,12.4,11.2
"891",2009-10-01,"Finance",15979,1673,1331,1855,520000,280000,346699,12.4,11.2
"892",2009-10-01,"Information",8845,1673,1331,1855,520000,280000,346699,12.4,11.2
"893",2009-10-01,"Hospitality",31691,1673,1331,1855,520000,280000,346699,12.4,11.2
"894",2009-10-01,"Manufacturing",55302,1673,1331,1855,520000,280000,346699,12.4,11.2
"895",2009-10-01,"Mining",468,1673,1331,1855,520000,280000,346699,12.4,11.2
"896",2009-10-01,"Other",16168,1673,1331,1855,520000,280000,346699,12.4,11.2
"897",2009-10-01,"Business",58181,1673,1331,1855,520000,280000,346699,12.4,11.2
"898",2009-10-01,"Public",17762,1673,1331,1855,520000,280000,346699,12.4,11.2
"899",2009-10-01,"Trade",59147,1673,1331,1855,520000,280000,346699,12.4,11.2
"900",2009-10-01,"Unclassified",1246,1673,1331,1855,520000,280000,346699,12.4,11.2
"901",2009-09-01,"Construction",17476,1677,1323,1827,465000,285000,345549,12.4,11.2
"902",2009-09-01,"Education",62118,1677,1323,1827,465000,285000,345549,12.4,11.2
"903",2009-09-01,"Finance",15847,1677,1323,1827,465000,285000,345549,12.4,11.2
"904",2009-09-01,"Information",8877,1677,1323,1827,465000,285000,345549,12.4,11.2
"905",2009-09-01,"Hospitality",32502,1677,1323,1827,465000,285000,345549,12.4,11.2
"906",2009-09-01,"Manufacturing",55817,1677,1323,1827,465000,285000,345549,12.4,11.2
"907",2009-09-01,"Mining",807,1677,1323,1827,465000,285000,345549,12.4,11.2
"908",2009-09-01,"Other",16572,1677,1323,1827,465000,285000,345549,12.4,11.2
"909",2009-09-01,"Business",57647,1677,1323,1827,465000,285000,345549,12.4,11.2
"910",2009-09-01,"Public",17995,1677,1323,1827,465000,285000,345549,12.4,11.2
"911",2009-09-01,"Trade",59220,1677,1323,1827,465000,285000,345549,12.4,11.2
"912",2009-09-01,"Unclassified",671,1677,1323,1827,465000,285000,345549,12.4,11.2
"913",2009-08-01,"Construction",17716,1699,1339,1864,485000,266000,340898,12.5,11.3
"914",2009-08-01,"Education",55881,1699,1339,1864,485000,266000,340898,12.5,11.3
"915",2009-08-01,"Finance",15997,1699,1339,1864,485000,266000,340898,12.5,11.3
"916",2009-08-01,"Information",8991,1699,1339,1864,485000,266000,340898,12.5,11.3
"917",2009-08-01,"Hospitality",32934,1699,1339,1864,485000,266000,340898,12.5,11.3
"918",2009-08-01,"Manufacturing",55866,1699,1339,1864,485000,266000,340898,12.5,11.3
"919",2009-08-01,"Mining",724,1699,1339,1864,485000,266000,340898,12.5,11.3
"920",2009-08-01,"Other",16545,1699,1339,1864,485000,266000,340898,12.5,11.3
"921",2009-08-01,"Business",57981,1699,1339,1864,485000,266000,340898,12.5,11.3
"922",2009-08-01,"Public",18455,1699,1339,1864,485000,266000,340898,12.5,11.3
"923",2009-08-01,"Trade",59104,1699,1339,1864,485000,266000,340898,12.5,11.3
"924",2009-08-01,"Unclassified",704,1699,1339,1864,485000,266000,340898,12.5,11.3
"925",2009-07-01,"Construction",17613,NA,NA,NA,5e+05,265000,338541,12.5,11.3
"926",2009-07-01,"Education",53364,NA,NA,NA,5e+05,265000,338541,12.5,11.3
"927",2009-07-01,"Finance",15944,NA,NA,NA,5e+05,265000,338541,12.5,11.3
"928",2009-07-01,"Information",8993,NA,NA,NA,5e+05,265000,338541,12.5,11.3
"929",2009-07-01,"Hospitality",32889,NA,NA,NA,5e+05,265000,338541,12.5,11.3
"930",2009-07-01,"Manufacturing",56440,NA,NA,NA,5e+05,265000,338541,12.5,11.3
"931",2009-07-01,"Mining",753,NA,NA,NA,5e+05,265000,338541,12.5,11.3
"932",2009-07-01,"Other",16369,NA,NA,NA,5e+05,265000,338541,12.5,11.3
"933",2009-07-01,"Business",57882,NA,NA,NA,5e+05,265000,338541,12.5,11.3
"934",2009-07-01,"Public",18483,NA,NA,NA,5e+05,265000,338541,12.5,11.3
"935",2009-07-01,"Trade",59101,NA,NA,NA,5e+05,265000,338541,12.5,11.3
"936",2009-07-01,"Unclassified",710,NA,NA,NA,5e+05,265000,338541,12.5,11.3
"937",2009-06-01,"Construction",17785,NA,NA,NA,449000,240000,352608,12.4,11.2
"938",2009-06-01,"Education",66057,NA,NA,NA,449000,240000,352608,12.4,11.2
"939",2009-06-01,"Finance",16076,NA,NA,NA,449000,240000,352608,12.4,11.2
"940",2009-06-01,"Information",9038,NA,NA,NA,449000,240000,352608,12.4,11.2
"941",2009-06-01,"Hospitality",33030,NA,NA,NA,449000,240000,352608,12.4,11.2
"942",2009-06-01,"Manufacturing",56885,NA,NA,NA,449000,240000,352608,12.4,11.2
"943",2009-06-01,"Mining",688,NA,NA,NA,449000,240000,352608,12.4,11.2
"944",2009-06-01,"Other",16195,NA,NA,NA,449000,240000,352608,12.4,11.2
"945",2009-06-01,"Business",58805,NA,NA,NA,449000,240000,352608,12.4,11.2
"946",2009-06-01,"Public",17920,NA,NA,NA,449000,240000,352608,12.4,11.2
"947",2009-06-01,"Trade",59409,NA,NA,NA,449000,240000,352608,12.4,11.2
"948",2009-06-01,"Unclassified",720,NA,NA,NA,449000,240000,352608,12.4,11.2
"949",2009-05-01,"Construction",17854,NA,NA,NA,410000,220000,353126,11.6,10.5
"950",2009-05-01,"Education",66538,NA,NA,NA,410000,220000,353126,11.6,10.5
"951",2009-05-01,"Finance",16194,NA,NA,NA,410000,220000,353126,11.6,10.5
"952",2009-05-01,"Information",9026,NA,NA,NA,410000,220000,353126,11.6,10.5
"953",2009-05-01,"Hospitality",32482,NA,NA,NA,410000,220000,353126,11.6,10.5
"954",2009-05-01,"Manufacturing",57060,NA,NA,NA,410000,220000,353126,11.6,10.5
"955",2009-05-01,"Mining",483,NA,NA,NA,410000,220000,353126,11.6,10.5
"956",2009-05-01,"Other",16548,NA,NA,NA,410000,220000,353126,11.6,10.5
"957",2009-05-01,"Business",58401,NA,NA,NA,410000,220000,353126,11.6,10.5
"958",2009-05-01,"Public",17915,NA,NA,NA,410000,220000,353126,11.6,10.5
"959",2009-05-01,"Trade",59902,NA,NA,NA,410000,220000,353126,11.6,10.5
"960",2009-05-01,"Unclassified",723,NA,NA,NA,410000,220000,353126,11.6,10.5
"961",2009-04-01,"Construction",18036,NA,NA,NA,410000,198000,353429,11.2,10.2
"962",2009-04-01,"Education",66270,NA,NA,NA,410000,198000,353429,11.2,10.2
"963",2009-04-01,"Finance",16295,NA,NA,NA,410000,198000,353429,11.2,10.2
"964",2009-04-01,"Information",9044,NA,NA,NA,410000,198000,353429,11.2,10.2
"965",2009-04-01,"Hospitality",32530,NA,NA,NA,410000,198000,353429,11.2,10.2
"966",2009-04-01,"Manufacturing",57442,NA,NA,NA,410000,198000,353429,11.2,10.2
"967",2009-04-01,"Mining",475,NA,NA,NA,410000,198000,353429,11.2,10.2
"968",2009-04-01,"Other",16333,NA,NA,NA,410000,198000,353429,11.2,10.2
"969",2009-04-01,"Business",58637,NA,NA,NA,410000,198000,353429,11.2,10.2
"970",2009-04-01,"Public",17880,NA,NA,NA,410000,198000,353429,11.2,10.2
"971",2009-04-01,"Trade",59773,NA,NA,NA,410000,198000,353429,11.2,10.2
"972",2009-04-01,"Unclassified",714,NA,NA,NA,410000,198000,353429,11.2,10.2
"973",2009-03-01,"Construction",18715,NA,NA,NA,412250,185000,357154,11.4,10.4
"974",2009-03-01,"Education",65916,NA,NA,NA,412250,185000,357154,11.4,10.4
"975",2009-03-01,"Finance",16453,NA,NA,NA,412250,185000,357154,11.4,10.4
"976",2009-03-01,"Information",9088,NA,NA,NA,412250,185000,357154,11.4,10.4
"977",2009-03-01,"Hospitality",32528,NA,NA,NA,412250,185000,357154,11.4,10.4
"978",2009-03-01,"Manufacturing",58635,NA,NA,NA,412250,185000,357154,11.4,10.4
"979",2009-03-01,"Mining",539,NA,NA,NA,412250,185000,357154,11.4,10.4
"980",2009-03-01,"Other",17005,NA,NA,NA,412250,185000,357154,11.4,10.4
"981",2009-03-01,"Business",59533,NA,NA,NA,412250,185000,357154,11.4,10.4
"982",2009-03-01,"Public",17766,NA,NA,NA,412250,185000,357154,11.4,10.4
"983",2009-03-01,"Trade",60223,NA,NA,NA,412250,185000,357154,11.4,10.4
"984",2009-03-01,"Unclassified",753,NA,NA,NA,412250,185000,357154,11.4,10.4
"985",2009-02-01,"Construction",18756,NA,NA,NA,406500,239900,359884,10.7,9.7
"986",2009-02-01,"Education",66269,NA,NA,NA,406500,239900,359884,10.7,9.7
"987",2009-02-01,"Finance",16418,NA,NA,NA,406500,239900,359884,10.7,9.7
"988",2009-02-01,"Information",9213,NA,NA,NA,406500,239900,359884,10.7,9.7
"989",2009-02-01,"Hospitality",32807,NA,NA,NA,406500,239900,359884,10.7,9.7
"990",2009-02-01,"Manufacturing",59359,NA,NA,NA,406500,239900,359884,10.7,9.7
"991",2009-02-01,"Mining",554,NA,NA,NA,406500,239900,359884,10.7,9.7
"992",2009-02-01,"Other",17070,NA,NA,NA,406500,239900,359884,10.7,9.7
"993",2009-02-01,"Business",59954,NA,NA,NA,406500,239900,359884,10.7,9.7
"994",2009-02-01,"Public",17635,NA,NA,NA,406500,239900,359884,10.7,9.7
"995",2009-02-01,"Trade",61100,NA,NA,NA,406500,239900,359884,10.7,9.7
"996",2009-02-01,"Unclassified",749,NA,NA,NA,406500,239900,359884,10.7,9.7
"997",2009-01-01,"Construction",19725,NA,NA,NA,415000,227500,361962,10,9.1
"998",2009-01-01,"Education",65356,NA,NA,NA,415000,227500,361962,10,9.1
"999",2009-01-01,"Finance",16506,NA,NA,NA,415000,227500,361962,10,9.1
"1000",2009-01-01,"Information",9294,NA,NA,NA,415000,227500,361962,10,9.1
"1001",2009-01-01,"Hospitality",32557,NA,NA,NA,415000,227500,361962,10,9.1
"1002",2009-01-01,"Manufacturing",60191,NA,NA,NA,415000,227500,361962,10,9.1
"1003",2009-01-01,"Mining",614,NA,NA,NA,415000,227500,361962,10,9.1
"1004",2009-01-01,"Other",16709,NA,NA,NA,415000,227500,361962,10,9.1
"1005",2009-01-01,"Business",60680,NA,NA,NA,415000,227500,361962,10,9.1
"1006",2009-01-01,"Public",17846,NA,NA,NA,415000,227500,361962,10,9.1
"1007",2009-01-01,"Trade",61744,NA,NA,NA,415000,227500,361962,10,9.1
"1008",2009-01-01,"Unclassified",740,NA,NA,NA,415000,227500,361962,10,9.1
"1009",2008-12-01,"Construction",20980,NA,NA,NA,451750,250000,371078,8.4,7.7
"1010",2008-12-01,"Education",66790,NA,NA,NA,451750,250000,371078,8.4,7.7
"1011",2008-12-01,"Finance",16739,NA,NA,NA,451750,250000,371078,8.4,7.7
"1012",2008-12-01,"Information",8671,NA,NA,NA,451750,250000,371078,8.4,7.7
"1013",2008-12-01,"Hospitality",33050,NA,NA,NA,451750,250000,371078,8.4,7.7
"1014",2008-12-01,"Manufacturing",59202,NA,NA,NA,451750,250000,371078,8.4,7.7
"1015",2008-12-01,"Mining",612,NA,NA,NA,451750,250000,371078,8.4,7.7
"1016",2008-12-01,"Other",16529,NA,NA,NA,451750,250000,371078,8.4,7.7
"1017",2008-12-01,"Business",64488,NA,NA,NA,451750,250000,371078,8.4,7.7
"1018",2008-12-01,"Public",18045,NA,NA,NA,451750,250000,371078,8.4,7.7
"1019",2008-12-01,"Trade",64867,NA,NA,NA,451750,250000,371078,8.4,7.7
"1020",2008-12-01,"Unclassified",1105,NA,NA,NA,451750,250000,371078,8.4,7.7
"1021",2008-11-01,"Construction",21454,NA,NA,NA,456500,252950,373139,7.9,7.2
"1022",2008-11-01,"Education",66969,NA,NA,NA,456500,252950,373139,7.9,7.2
"1023",2008-11-01,"Finance",16612,NA,NA,NA,456500,252950,373139,7.9,7.2
"1024",2008-11-01,"Information",8635,NA,NA,NA,456500,252950,373139,7.9,7.2
"1025",2008-11-01,"Hospitality",33355,NA,NA,NA,456500,252950,373139,7.9,7.2
"1026",2008-11-01,"Manufacturing",59733,NA,NA,NA,456500,252950,373139,7.9,7.2
"1027",2008-11-01,"Mining",636,NA,NA,NA,456500,252950,373139,7.9,7.2
"1028",2008-11-01,"Other",16774,NA,NA,NA,456500,252950,373139,7.9,7.2
"1029",2008-11-01,"Business",65082,NA,NA,NA,456500,252950,373139,7.9,7.2
"1030",2008-11-01,"Public",18123,NA,NA,NA,456500,252950,373139,7.9,7.2
"1031",2008-11-01,"Trade",64651,NA,NA,NA,456500,252950,373139,7.9,7.2
"1032",2008-11-01,"Unclassified",1115,NA,NA,NA,456500,252950,373139,7.9,7.2
"1033",2008-10-01,"Construction",22281,NA,NA,NA,490100,315000,373796,7.5,6.8
"1034",2008-10-01,"Education",66410,NA,NA,NA,490100,315000,373796,7.5,6.8
"1035",2008-10-01,"Finance",16941,NA,NA,NA,490100,315000,373796,7.5,6.8
"1036",2008-10-01,"Information",8611,NA,NA,NA,490100,315000,373796,7.5,6.8
"1037",2008-10-01,"Hospitality",33184,NA,NA,NA,490100,315000,373796,7.5,6.8
"1038",2008-10-01,"Manufacturing",59916,NA,NA,NA,490100,315000,373796,7.5,6.8
"1039",2008-10-01,"Mining",732,NA,NA,NA,490100,315000,373796,7.5,6.8
"1040",2008-10-01,"Other",16605,NA,NA,NA,490100,315000,373796,7.5,6.8
"1041",2008-10-01,"Business",65522,NA,NA,NA,490100,315000,373796,7.5,6.8
"1042",2008-10-01,"Public",18126,NA,NA,NA,490100,315000,373796,7.5,6.8
"1043",2008-10-01,"Trade",64330,NA,NA,NA,490100,315000,373796,7.5,6.8
"1044",2008-10-01,"Unclassified",1138,NA,NA,NA,490100,315000,373796,7.5,6.8
"1045",2008-09-01,"Construction",22968,NA,NA,NA,495000,325000,373788,7.1,6.4
"1046",2008-09-01,"Education",64256,NA,NA,NA,495000,325000,373788,7.1,6.4
"1047",2008-09-01,"Finance",15658,NA,NA,NA,495000,325000,373788,7.1,6.4
"1048",2008-09-01,"Information",8888,NA,NA,NA,495000,325000,373788,7.1,6.4
"1049",2008-09-01,"Hospitality",34519,NA,NA,NA,495000,325000,373788,7.1,6.4
"1050",2008-09-01,"Manufacturing",60285,NA,NA,NA,495000,325000,373788,7.1,6.4
"1051",2008-09-01,"Mining",795,NA,NA,NA,495000,325000,373788,7.1,6.4
"1052",2008-09-01,"Other",16619,NA,NA,NA,495000,325000,373788,7.1,6.4
"1053",2008-09-01,"Business",66032,NA,NA,NA,495000,325000,373788,7.1,6.4
"1054",2008-09-01,"Public",17984,NA,NA,NA,495000,325000,373788,7.1,6.4
"1055",2008-09-01,"Trade",64415,NA,NA,NA,495000,325000,373788,7.1,6.4
"1056",2008-09-01,"Unclassified",1369,NA,NA,NA,495000,325000,373788,7.1,6.4
"1057",2008-08-01,"Construction",23161,NA,NA,NA,560000,350000,367798,7.2,6.5
"1058",2008-08-01,"Education",57102,NA,NA,NA,560000,350000,367798,7.2,6.5
"1059",2008-08-01,"Finance",15588,NA,NA,NA,560000,350000,367798,7.2,6.5
"1060",2008-08-01,"Information",9044,NA,NA,NA,560000,350000,367798,7.2,6.5
"1061",2008-08-01,"Hospitality",34746,NA,NA,NA,560000,350000,367798,7.2,6.5
"1062",2008-08-01,"Manufacturing",60823,NA,NA,NA,560000,350000,367798,7.2,6.5
"1063",2008-08-01,"Mining",698,NA,NA,NA,560000,350000,367798,7.2,6.5
"1064",2008-08-01,"Other",16464,NA,NA,NA,560000,350000,367798,7.2,6.5
"1065",2008-08-01,"Business",66164,NA,NA,NA,560000,350000,367798,7.2,6.5
"1066",2008-08-01,"Public",18153,NA,NA,NA,560000,350000,367798,7.2,6.5
"1067",2008-08-01,"Trade",64556,NA,NA,NA,560000,350000,367798,7.2,6.5
"1068",2008-08-01,"Unclassified",1299,NA,NA,NA,560000,350000,367798,7.2,6.5
"1069",2008-07-01,"Construction",22947,NA,NA,NA,6e+05,375000,366284,7.1,6.4
"1070",2008-07-01,"Education",57075,NA,NA,NA,6e+05,375000,366284,7.1,6.4
"1071",2008-07-01,"Finance",15740,NA,NA,NA,6e+05,375000,366284,7.1,6.4
"1072",2008-07-01,"Information",9061,NA,NA,NA,6e+05,375000,366284,7.1,6.4
"1073",2008-07-01,"Hospitality",33943,NA,NA,NA,6e+05,375000,366284,7.1,6.4
"1074",2008-07-01,"Manufacturing",60856,NA,NA,NA,6e+05,375000,366284,7.1,6.4
"1075",2008-07-01,"Mining",975,NA,NA,NA,6e+05,375000,366284,7.1,6.4
"1076",2008-07-01,"Other",16226,NA,NA,NA,6e+05,375000,366284,7.1,6.4
"1077",2008-07-01,"Business",66013,NA,NA,NA,6e+05,375000,366284,7.1,6.4
"1078",2008-07-01,"Public",18062,NA,NA,NA,6e+05,375000,366284,7.1,6.4
"1079",2008-07-01,"Trade",64170,NA,NA,NA,6e+05,375000,366284,7.1,6.4
"1080",2008-07-01,"Unclassified",1216,NA,NA,NA,6e+05,375000,366284,7.1,6.4
"1081",2008-06-01,"Construction",22913,NA,NA,NA,6e+05,375500,377119,6.7,6
"1082",2008-06-01,"Education",66577,NA,NA,NA,6e+05,375500,377119,6.7,6
"1083",2008-06-01,"Finance",15748,NA,NA,NA,6e+05,375500,377119,6.7,6
"1084",2008-06-01,"Information",8841,NA,NA,NA,6e+05,375500,377119,6.7,6
"1085",2008-06-01,"Hospitality",34154,NA,NA,NA,6e+05,375500,377119,6.7,6
"1086",2008-06-01,"Manufacturing",61358,NA,NA,NA,6e+05,375500,377119,6.7,6
"1087",2008-06-01,"Mining",907,NA,NA,NA,6e+05,375500,377119,6.7,6
"1088",2008-06-01,"Other",16572,NA,NA,NA,6e+05,375500,377119,6.7,6
"1089",2008-06-01,"Business",66320,NA,NA,NA,6e+05,375500,377119,6.7,6
"1090",2008-06-01,"Public",17975,NA,NA,NA,6e+05,375500,377119,6.7,6
"1091",2008-06-01,"Trade",64212,NA,NA,NA,6e+05,375500,377119,6.7,6
"1092",2008-06-01,"Unclassified",1542,NA,NA,NA,6e+05,375500,377119,6.7,6
"1093",2008-05-01,"Construction",22868,NA,NA,NA,625000,438826,377953,6,5.4
"1094",2008-05-01,"Education",67655,NA,NA,NA,625000,438826,377953,6,5.4
"1095",2008-05-01,"Finance",15862,NA,NA,NA,625000,438826,377953,6,5.4
"1096",2008-05-01,"Information",8832,NA,NA,NA,625000,438826,377953,6,5.4
"1097",2008-05-01,"Hospitality",33912,NA,NA,NA,625000,438826,377953,6,5.4
"1098",2008-05-01,"Manufacturing",61065,NA,NA,NA,625000,438826,377953,6,5.4
"1099",2008-05-01,"Mining",583,NA,NA,NA,625000,438826,377953,6,5.4
"1100",2008-05-01,"Other",16687,NA,NA,NA,625000,438826,377953,6,5.4
"1101",2008-05-01,"Business",65940,NA,NA,NA,625000,438826,377953,6,5.4
"1102",2008-05-01,"Public",18587,NA,NA,NA,625000,438826,377953,6,5.4
"1103",2008-05-01,"Trade",64517,NA,NA,NA,625000,438826,377953,6,5.4
"1104",2008-05-01,"Unclassified",1445,NA,NA,NA,625000,438826,377953,6,5.4
"1105",2008-04-01,"Construction",22608,NA,NA,NA,665000,397500,376554,5.5,5.1
"1106",2008-04-01,"Education",67540,NA,NA,NA,665000,397500,376554,5.5,5.1
"1107",2008-04-01,"Finance",15846,NA,NA,NA,665000,397500,376554,5.5,5.1
"1108",2008-04-01,"Information",8810,NA,NA,NA,665000,397500,376554,5.5,5.1
"1109",2008-04-01,"Hospitality",34017,NA,NA,NA,665000,397500,376554,5.5,5.1
"1110",2008-04-01,"Manufacturing",60533,NA,NA,NA,665000,397500,376554,5.5,5.1
"1111",2008-04-01,"Mining",600,NA,NA,NA,665000,397500,376554,5.5,5.1
"1112",2008-04-01,"Other",16262,NA,NA,NA,665000,397500,376554,5.5,5.1
"1113",2008-04-01,"Business",66733,NA,NA,NA,665000,397500,376554,5.5,5.1
"1114",2008-04-01,"Public",17865,NA,NA,NA,665000,397500,376554,5.5,5.1
"1115",2008-04-01,"Trade",64423,NA,NA,NA,665000,397500,376554,5.5,5.1
"1116",2008-04-01,"Unclassified",1317,NA,NA,NA,665000,397500,376554,5.5,5.1
"1117",2008-03-01,"Construction",22879,NA,NA,NA,662500,465000,377210,5.9,5.4
"1118",2008-03-01,"Education",67470,NA,NA,NA,662500,465000,377210,5.9,5.4
"1119",2008-03-01,"Finance",15877,NA,NA,NA,662500,465000,377210,5.9,5.4
"1120",2008-03-01,"Information",8807,NA,NA,NA,662500,465000,377210,5.9,5.4
"1121",2008-03-01,"Hospitality",33877,NA,NA,NA,662500,465000,377210,5.9,5.4
"1122",2008-03-01,"Manufacturing",60883,NA,NA,NA,662500,465000,377210,5.9,5.4
"1123",2008-03-01,"Mining",576,NA,NA,NA,662500,465000,377210,5.9,5.4
"1124",2008-03-01,"Other",15894,NA,NA,NA,662500,465000,377210,5.9,5.4
"1125",2008-03-01,"Business",66837,NA,NA,NA,662500,465000,377210,5.9,5.4
"1126",2008-03-01,"Public",17836,NA,NA,NA,662500,465000,377210,5.9,5.4
"1127",2008-03-01,"Trade",64889,NA,NA,NA,662500,465000,377210,5.9,5.4
"1128",2008-03-01,"Unclassified",1385,NA,NA,NA,662500,465000,377210,5.9,5.4
"1129",2008-02-01,"Construction",22907,NA,NA,NA,669800,480000,377484,5.6,5.2
"1130",2008-02-01,"Education",68145,NA,NA,NA,669800,480000,377484,5.6,5.2
"1131",2008-02-01,"Finance",16024,NA,NA,NA,669800,480000,377484,5.6,5.2
"1132",2008-02-01,"Information",8858,NA,NA,NA,669800,480000,377484,5.6,5.2
"1133",2008-02-01,"Hospitality",33558,NA,NA,NA,669800,480000,377484,5.6,5.2
"1134",2008-02-01,"Manufacturing",60829,NA,NA,NA,669800,480000,377484,5.6,5.2
"1135",2008-02-01,"Mining",678,NA,NA,NA,669800,480000,377484,5.6,5.2
"1136",2008-02-01,"Other",15759,NA,NA,NA,669800,480000,377484,5.6,5.2
"1137",2008-02-01,"Business",66851,NA,NA,NA,669800,480000,377484,5.6,5.2
"1138",2008-02-01,"Public",17895,NA,NA,NA,669800,480000,377484,5.6,5.2
"1139",2008-02-01,"Trade",64781,NA,NA,NA,669800,480000,377484,5.6,5.2
"1140",2008-02-01,"Unclassified",1199,NA,NA,NA,669800,480000,377484,5.6,5.2
"1141",2008-01-01,"Construction",22706,NA,NA,NA,664444,410000,374017,5.7,5.2
"1142",2008-01-01,"Education",66797,NA,NA,NA,664444,410000,374017,5.7,5.2
"1143",2008-01-01,"Finance",15864,NA,NA,NA,664444,410000,374017,5.7,5.2
"1144",2008-01-01,"Information",8820,NA,NA,NA,664444,410000,374017,5.7,5.2
"1145",2008-01-01,"Hospitality",32480,NA,NA,NA,664444,410000,374017,5.7,5.2
"1146",2008-01-01,"Manufacturing",60718,NA,NA,NA,664444,410000,374017,5.7,5.2
"1147",2008-01-01,"Mining",661,NA,NA,NA,664444,410000,374017,5.7,5.2
"1148",2008-01-01,"Other",15453,NA,NA,NA,664444,410000,374017,5.7,5.2
"1149",2008-01-01,"Business",66408,NA,NA,NA,664444,410000,374017,5.7,5.2
"1150",2008-01-01,"Public",17997,NA,NA,NA,664444,410000,374017,5.7,5.2
"1151",2008-01-01,"Trade",65069,NA,NA,NA,664444,410000,374017,5.7,5.2
"1152",2008-01-01,"Unclassified",1044,NA,NA,NA,664444,410000,374017,5.7,5.2
